#Annotated with Bakta v1.11.0, https://github.com/oschwengers/bakta
#Database v6.0, https://doi.org/10.5281/zenodo.4247252
#Sequence Id	Start	Stop	Strand	Locus Tag	Mol Weight [kDa]	Iso El. Point	Pfam hits	Dbxrefs
contig_3	58987	59238	-	JPEOAD_00057	8.2	9.1		
contig_3	71157	71348	+	JPEOAD_00069	7.2	11.2		RefSeq:WP_034928534.1, SO:0001217, UniParc:UPI00030E070E, UniRef:UniRef100_A0A181CD32, UniRef:UniRef50_G2I6F5, UniRef:UniRef90_G2I6F5
contig_3	87909	88430	+	JPEOAD_00085	18.6	5.0		RefSeq:WP_007397813.1, SO:0001217, UniParc:UPI00020804F3, UniRef:UniRef100_A0A181CD71, UniRef:UniRef50_G2I6H0, UniRef:UniRef90_A0A181CD71
contig_3	97770	97907	+	JPEOAD_00094	5.2	11.6		
contig_3	123478	123570	-	JPEOAD_00114	3.2	5.7		
contig_3	126746	127075	+	JPEOAD_00117	11.4	4.4		RefSeq:WP_007397775.1, SO:0001217, UniParc:UPI00020803DA, UniRef:UniRef100_A0A181CD95, UniRef:UniRef50_G2I6H8, UniRef:UniRef90_A0A181CD95
contig_3	142185	142790	+	JPEOAD_00133	21.6	5.1		RefSeq:WP_007397754.1, SO:0001217, UniParc:UPI00020803C5, UniRef:UniRef100_A0A181CDL2, UniRef:UniRef50_A0A857FU34, UniRef:UniRef90_A0A181CDL2
contig_3	264806	264982	+	JPEOAD_00244	6.6	4.1		RefSeq:WP_007397626.1, SO:0001217, UniParc:UPI000208006F, UniRef:UniRef100_A0A181CDM4, UniRef:UniRef50_A0A181CDM4, UniRef:UniRef90_A0A181CDM4
contig_3	282986	283225	+	JPEOAD_00259	8.4	9.5		
contig_3	292959	293336	+	JPEOAD_00268	13.9	8.7		SO:0001217, UniRef:UniRef50_UPI0011B52B33, UniRef:UniRef90_UPI0011B52B33
contig_3	304649	304879	-	JPEOAD_00278	8.7	4.9		
contig_3	323167	323664	+	JPEOAD_00298	18.5	6.2		RefSeq:WP_007397559.1, SO:0001217, UniParc:UPI000207FE28, UniRef:UniRef100_UPI000207FE28, UniRef:UniRef50_A0A318Q2P2, UniRef:UniRef90_A0A858JNA0
contig_3	323806	324648	-	JPEOAD_00299	30.6	5.2	PF00383.29|dCMP_cyt_deam_1	PFAM:PF00383.29
contig_3	333687	334604	+	JPEOAD_00310	32.6	5.8		RefSeq:WP_099963284.1, SO:0001217, UniParc:UPI0002F74ED5, UniRef:UniRef100_A0A181CDT3, UniRef:UniRef50_A0A9N7H1N0, UniRef:UniRef90_A0A181CDT3
contig_3	335914	336105	-	JPEOAD_00313	6.5	9.3		RefSeq:WP_034931712.1, SO:0001217, UniParc:UPI0002F8105D, UniRef:UniRef100_A0A181CDR5, UniRef:UniRef50_A0A2S3VY01, UniRef:UniRef90_A0A0N1FAU8
contig_3	336330	336449	+	JPEOAD_00314	4.4	8.0		
contig_3	336856	337017	+	JPEOAD_00316	6.1	5.8		RefSeq:WP_007397536.1, SO:0001217, UniParc:UPI000207FE11, UniRef:UniRef100_A0A181CDU0, UniRef:UniRef50_A0A181CDU0, UniRef:UniRef90_A0A181CDU0
contig_3	337755	337931	+	JPEOAD_00318	6.1	6.1		RefSeq:WP_007397533.1, SO:0001217, UniParc:UPI000207FE0E, UniRef:UniRef100_A0A181CDT2, UniRef:UniRef50_A0A2S3VY06, UniRef:UniRef90_A0A181CDT2
contig_3	337871	338422	-	JPEOAD_00319	21.3	12.0		
contig_3	338820	339005	-	JPEOAD_00321	6.8	11.6		SO:0001217, UniParc:UPI000207FE0C, UniRef:UniRef100_A0A181CDR3, UniRef:UniRef50_G2I720, UniRef:UniRef90_A0A181CDR3
contig_3	349179	349805	-	JPEOAD_00332	22.9	5.4		RefSeq:WP_034931744.1, SO:0001217, UniParc:UPI0004D75232, UniRef:UniRef100_A0A858JN46, UniRef:UniRef50_G2I730, UniRef:UniRef90_A0A858JN46
contig_3	349963	350193	-	JPEOAD_00333	8.1	11.8		RefSeq:WP_172459733.1, SO:0001217, UniParc:UPI0003149169, UniRef:UniRef100_UPI0003149169, UniRef:UniRef50_G2I731, UniRef:UniRef90_A0A858JSP4
contig_3	352912	353142	-	JPEOAD_00337	7.3	5.4		RefSeq:WP_039998582.1, SO:0001217, UniParc:UPI00031DC803, UniRef:UniRef100_UPI00031DC803, UniRef:UniRef50_UPI00031DC803, UniRef:UniRef90_UPI00031DC803
contig_3	383014	383223	+	JPEOAD_00362	7.6	9.3		RefSeq:WP_007397474.1, SO:0001217, UniParc:UPI000207FB91, UniRef:UniRef100_A0A181CDY4, UniRef:UniRef50_G2I7C7, UniRef:UniRef90_G2I7C7
contig_3	385718	386404	-	JPEOAD_00366	24.5	8.9	PF00355.32|Rieske, PF10399.14|UCR_Fe-S_N	PFAM:PF00355.32, PFAM:PF10399.14
contig_3	387557	387664	+	JPEOAD_00368	3.8	4.6		
contig_3	387944	388579	-	JPEOAD_00369	23.5	6.0		RefSeq:WP_034931027.1, SO:0001217, UniParc:UPI0004D88AB7, UniRef:UniRef100_A0A181CE59, UniRef:UniRef50_A0A181CE59, UniRef:UniRef90_A0A181CE59
contig_3	396285	396470	+	JPEOAD_00378	6.6	9.0		RefSeq:WP_167331785.1, SO:0001217, UniParc:UPI0004D40366, UniRef:UniRef100_A0A181CE04, UniRef:UniRef50_A0A347WAX5, UniRef:UniRef90_A0A181CE04
contig_3	425391	425954	-	JPEOAD_00402	19.8	6.3		SO:0001217, UniRef:UniRef50_UPI001CC31398, UniRef:UniRef90_UPI001CC31398
contig_3	426267	426431	-	JPEOAD_00403	6.0	9.2		RefSeq:WP_166498161.1, SO:0001217, UniParc:UPI0007DDDFA9, UniRef:UniRef100_A0A181CE25, UniRef:UniRef50_A0A181CE25, UniRef:UniRef90_A0A181CE25
contig_3	444103	444339	+	JPEOAD_00419	9.0	9.7		
contig_3	461531	462496	-	JPEOAD_00438	34.1	8.6		
contig_3	463400	465583	-	JPEOAD_00440	80.1	5.4		
contig_3	469952	470107	+	JPEOAD_00445	5.5	5.5		
contig_3	470213	470902	-	JPEOAD_00446	25.8	9.1		RefSeq:WP_146750197.1, SO:0001217, UniParc:UPI0007DF5126, UniRef:UniRef100_A0A181C533, UniRef:UniRef50_A0A181C533, UniRef:UniRef90_A0A181C533
contig_3	507792	508034	-	JPEOAD_00485	8.4	5.6		
contig_3	510222	510476	+	JPEOAD_00489	9.6	10.8		
contig_3	513903	515132	+	JPEOAD_00493	43.0	7.9		
contig_3	532993	533550	+	JPEOAD_00510	19.2	8.9		RefSeq:WP_007397306.1, SO:0001217, UniParc:UPI0002080953, UniRef:UniRef100_UPI0002080953, UniRef:UniRef50_G2I7R8, UniRef:UniRef90_A0A858JJP0
contig_3	619241	619381	+	JPEOAD_00594	5.1	6.8		SO:0001217, UniRef:UniRef50_A0A347WAI6
contig_3	630521	630664	+	JPEOAD_00605	5.2	4.9		
contig_3	632430	632525	-	JPEOAD_00607	3.8	9.5		
contig_3	644654	645622	-	JPEOAD_00616	36.8	9.8	PF00665.32|rve, PF13518.12|HTH_28, PF13683.12|rve_3	PFAM:PF00665.32, PFAM:PF13518.12, PFAM:PF13683.12
contig_3	677762	677899	-	JPEOAD_00642	4.7	6.8		SO:0001217, UniRef:UniRef50_A0A0N0MGF2, UniRef:UniRef50_G2I054, UniRef:UniRef90_G2I054
contig_3	688098	689357	-	JPEOAD_00654	46.7	8.9		RefSeq:WP_223846598.1, SO:0001217, UniParc:UPI0002F2C05A, UniRef:UniRef100_UPI0002F2C05A, UniRef:UniRef50_A0A318PHA7, UniRef:UniRef90_A0A858JJQ8
contig_3	704792	705148	-	JPEOAD_00667	12.6	9.8		RefSeq:WP_034926809.1, SO:0001217, UniParc:UPI000318B73E, UniRef:UniRef100_A0A181C6I9, UniRef:UniRef50_G2I075, UniRef:UniRef90_G2I075
contig_3	707096	707233	+	JPEOAD_00669	5.0	12.0		RefSeq:WP_166498083.1, SO:0001217, UniParc:UPI000315C444, UniRef:UniRef100_A0A181C6I4, UniRef:UniRef50_A0A0M0EJW4, UniRef:UniRef90_A0A181C6I4
contig_3	728925	729866	-	JPEOAD_00689	34.0	6.0		RefSeq:WP_007397089.1, SO:0001217, UniParc:UPI0002080397, UniRef:UniRef100_A0A181C6K5, UniRef:UniRef50_G2I090, UniRef:UniRef90_G2I090
contig_3	731249	731890	-	JPEOAD_00691	21.8	6.2		RefSeq:WP_172459740.1, SO:0001217, UniParc:UPI0002DDB686, UniRef:UniRef100_UPI0002DDB686, UniRef:UniRef50_G2I092, UniRef:UniRef90_G2I092
contig_3	739264	739395	-	JPEOAD_00698	4.7	12.0		
contig_3	740840	740989	-	JPEOAD_00701	5.0	6.0		
contig_3	810576	810695	-	JPEOAD_00766	4.2	11.7		
contig_3	813684	814196	+	JPEOAD_00769	18.7	11.0		
contig_3	903506	903922	-	JPEOAD_00853	14.1	6.4		RefSeq:WP_223846611.1, SO:0001217, UniParc:UPI0007DDBEF7, UniRef:UniRef100_UPI0007DDBEF7, UniRef:UniRef50_G2I0P8, UniRef:UniRef90_A0A858JL62
contig_3	918185	918469	-	JPEOAD_00871	9.9	5.6		RefSeq:WP_007396877.1, SO:0001217, UniParc:UPI000207FDD8, UniRef:UniRef100_A0A181C752, UniRef:UniRef50_A0A318QY36, UniRef:UniRef90_A0A181C752
contig_3	919408	919581	+	JPEOAD_00873	6.5	12.0		RefSeq:WP_166498085.1, SO:0001217, UniParc:UPI000308B351, UniRef:UniRef100_A0A181C756, UniRef:UniRef50_A0A0D6PZY6, UniRef:UniRef90_A0A181C756
contig_3	920965	921177	+	JPEOAD_00875	7.7	10.7		RefSeq:WP_007396870.1, SO:0001217, UniParc:UPI000207FCB0, UniRef:UniRef100_A0A181C728, UniRef:UniRef50_A0A0D6Q2C3, UniRef:UniRef90_A0A181C728
contig_3	927961	928167	+	JPEOAD_00881	8.1	10.0		
contig_3	933923	934363	-	JPEOAD_00886	16.2	9.3		
contig_3	938130	938549	+	JPEOAD_00890	14.8	10.2	PF01609.27|DDE_Tnp_1	PFAM:PF01609.27
contig_3	951715	952482	-	JPEOAD_00905	27.4	7.8		RefSeq:WP_007398794.1, SO:0001217, UniParc:UPI000207FBD6, UniRef:UniRef100_A0A181C757, UniRef:UniRef50_G2I0Y1, UniRef:UniRef90_A0A181C757
contig_3	973076	973345	-	JPEOAD_00927	10.4	9.2		RefSeq:WP_172459697.1, SO:0001217, UniParc:UPI0007DD37D8, UniRef:UniRef100_UPI0007DD37D8, UniRef:UniRef50_A0A0M0EGB9, UniRef:UniRef90_UPI0007DD37D8
contig_3	984935	986440	+	JPEOAD_00941	50.1	9.5		SO:0001217, UniRef:UniRef50_A0A347W9K5, UniRef:UniRef90_UPI000207FD21
contig_3	1004573	1004842	-	JPEOAD_00964	9.7	5.2	PF01336.31|tRNA_anti-codon	PFAM:PF01336.31
contig_3	1010212	1011087	+	JPEOAD_00971	33.1	6.7		SO:0001217, UniRef:UniRef50_A0A858JRN5, UniRef:UniRef90_A0A858JRN5
contig_3	1014004	1014414	+	JPEOAD_00974	14.8	10.5		
contig_3	1014643	1014936	+	JPEOAD_00976	10.6	6.8		
contig_3	1014894	1015226	+	JPEOAD_00977	11.9	10.2		
contig_3	1017237	1017419	+	JPEOAD_00980	6.5	4.6		RefSeq:WP_007398871.1, SO:0001217, UniParc:UPI000207FE86, UniRef:UniRef100_A0A181CEG6, UniRef:UniRef50_A0A181CEG6, UniRef:UniRef90_A0A181CEG6
contig_3	1020364	1020972	+	JPEOAD_00984	22.5	6.7	PF13683.12|rve_3	PFAM:PF13683.12
contig_3	1025012	1025344	+	JPEOAD_00989	12.0	10.3		
contig_3	1035802	1036086	+	JPEOAD_00996	10.4	8.3		SO:0001217, UniParc:UPI0005874208, UniRef:UniRef100_A0A181C7L2, UniRef:UniRef50_G2I1H3, UniRef:UniRef90_G2I1H3
contig_3	1040541	1041209	+	JPEOAD_01002	25.8	8.7		RefSeq:WP_007398900.1, SO:0001217, UniParc:UPI000207FF9E, UniRef:UniRef100_A0A181C7M2, UniRef:UniRef50_G2I1H9, UniRef:UniRef90_A0A181C7M2
contig_3	1049028	1049180	+	JPEOAD_01009	5.2	5.6		RefSeq:WP_157772014.1, SO:0001217, UniParc:UPI0002FB6DFD, UniRef:UniRef100_A0A181C7M7, UniRef:UniRef50_A0A181C7M7, UniRef:UniRef90_A0A181C7M7
contig_3	1094351	1094830	-	JPEOAD_01049	16.0	9.7		RefSeq:WP_034928908.1, SO:0001217, UniParc:UPI0003068AC8, UniRef:UniRef100_A0A181C7U1, UniRef:UniRef50_A0A5C1YNQ6, UniRef:UniRef90_A0A181C7U1
contig_3	1131322	1131462	+	JPEOAD_01078	5.2	9.8		
contig_3	1247492	1247845	+	JPEOAD_01177	12.2	4.1		RefSeq:WP_007399121.1, SO:0001217, UniParc:UPI0002080537, UniRef:UniRef100_A0A181C833, UniRef:UniRef50_A0A347W905, UniRef:UniRef90_A0A181C833
contig_3	1304934	1305038	-	JPEOAD_01234	3.8	10.7		
contig_3	1364833	1364994	+	JPEOAD_01283	6.0	8.0		RefSeq:WP_007399242.1, SO:0001217, UniParc:UPI00020808B3, UniRef:UniRef100_A0A181C8F4, UniRef:UniRef50_A0A181C8F4, UniRef:UniRef90_A0A181C8F4
contig_3	1398717	1399211	+	JPEOAD_01311	18.1	6.9		RefSeq:WP_007399276.1, SO:0001217, UniParc:UPI00020809BC, UniRef:UniRef100_A0A181C8E2, UniRef:UniRef50_G2I2W0, UniRef:UniRef90_G2I2W0
contig_3	1400014	1400319	+	JPEOAD_01313	11.9	8.9		SO:0001217, UniRef:UniRef50_A0A0M0EIL8, UniRef:UniRef90_A0A181C8I4
contig_3	1443110	1443607	+	JPEOAD_01353	16.9	8.6		RefSeq:WP_039999398.1, SO:0001217, UniParc:UPI0002D75CB5, UniRef:UniRef100_A0A181C8N0, UniRef:UniRef50_A0A181C8N0, UniRef:UniRef90_A0A181C8N0
contig_3	1465203	1465307	+	JPEOAD_01373	3.6	4.2		
contig_3	1466647	1467114	-	JPEOAD_01375	17.5	6.4		SO:0001217, UniRef:UniRef50_G2I3I3, UniRef:UniRef90_G2I3I3
contig_3	1498834	1499631	+	JPEOAD_01405	28.4	9.5		
contig_3	1500075	1500428	+	JPEOAD_01406	13.4	10.2		SO:0001217, UniRef:UniRef50_A0A0M0ECJ0, UniRef:UniRef90_A0A0M0ECJ0
contig_3	1500471	1500596	+	JPEOAD_01407	4.8	9.2		SO:0001217, UniRef:UniRef50_A0A0M0EBR7, UniRef:UniRef90_A0A0M0EBR7
contig_3	1501212	1501619	+	JPEOAD_01408	15.1	8.7		SO:0001217, UniRef:UniRef50_A0A0M0EBQ4, UniRef:UniRef90_A0A0M0EBQ4
contig_3	1504068	1504829	-	JPEOAD_01411	28.3	5.2		
contig_3	1545171	1545383	-	JPEOAD_01455	8.0	6.0		
contig_3	1617750	1617944	+	JPEOAD_01510	7.1	11.7		
contig_3	1720424	1720657	-	JPEOAD_01605	8.7	6.8		RefSeq:WP_172459674.1, SO:0001217, UniParc:UPI0007DE55E0, UniRef:UniRef100_UPI0007DE55E0, UniRef:UniRef50_UPI0007DE55E0, UniRef:UniRef90_UPI0007DE55E0
contig_3	1725084	1725218	-	JPEOAD_01611	5.4	9.5		
contig_3	1727510	1728343	-	JPEOAD_01614	31.7	9.1		SO:0001217, UniRef:UniRef50_A0A858JGT3, UniRef:UniRef90_A0A858JGT3
contig_3	1730872	1731084	-	JPEOAD_01617	7.8	10.5		SO:0001217, UniRef:UniRef50_A0A7L5AA14
contig_3	1731542	1733122	-	JPEOAD_01618	58.7	5.3		
contig_3	1735332	1735601	+	JPEOAD_01621	10.6	11.7		
contig_3	1735785	1736078	+	JPEOAD_01622	11.1	8.3		
contig_3	1754381	1754629	-	JPEOAD_01638	9.0	4.6		RefSeq:WP_010511782.1, SO:0001217, UniParc:UPI000173BA66, UniRef:UniRef100_A9HCY1, UniRef:UniRef50_A9HCY1, UniRef:UniRef90_A9HCY1
contig_3	1755115	1755381	-	JPEOAD_01639	9.2	9.1		SO:0001217, UniRef:UniRef50_A0A841QF52, UniRef:UniRef90_A0A841QF52
contig_3	1755412	1755693	+	JPEOAD_01640	10.4	9.8		RefSeq:WP_112209841.1, SO:0001217, UniParc:UPI0007DD08D4, UniRef:UniRef100_A0A181C7B3, UniRef:UniRef50_A0A149U7I9, UniRef:UniRef90_A0A149U7I9
contig_3	1757315	1757503	+	JPEOAD_01643	7.0	4.3		RefSeq:WP_112209847.1, SO:0001217, UniParc:UPI0007DE355D, UniRef:UniRef100_A0A181C7D6, UniRef:UniRef50_A0A347WGF5, UniRef:UniRef90_A0A347WGF5
contig_3	1772876	1773073	+	JPEOAD_01656	7.2	8.6	PF00239.26|Resolvase	PFAM:PF00239.26
contig_3	1778618	1778716	-	JPEOAD_01662	3.4	4.7		
contig_3	1794713	1794892	+	JPEOAD_01677	7.0	7.8		SO:0001217, UniRef:UniRef50_A0AA37SLQ0
contig_3	1805213	1806067	+	JPEOAD_01686	27.2	4.2	PF13332.12|Fil_haemagg_2	PFAM:PF13332.12
contig_3	1808482	1808772	+	JPEOAD_01689	10.0	6.0		
contig_3	1812535	1812795	+	JPEOAD_01693	9.4	12.0		
contig_3	1854266	1854721	-	JPEOAD_01731	17.0	10.3		RefSeq:WP_039999958.1, SO:0001217, UniParc:UPI00058761F5, UniRef:UniRef100_A0A181CBQ3, UniRef:UniRef50_A0A318QN56, UniRef:UniRef90_A0A181CBQ3
contig_3	1879341	1879946	+	JPEOAD_01757	22.5	11.0	PF08021.17|FAD_binding_9	PFAM:PF08021.17
contig_3	1879904	1880128	+	JPEOAD_01758	8.2	6.2		
contig_3	1882574	1882840	+	JPEOAD_01760	9.9	10.4		
contig_3	1882882	1883511	+	JPEOAD_01761	23.0	5.9		RefSeq:WP_007400223.1, SO:0001217, UniParc:UPI000208021C, UniRef:UniRef100_UPI000208021C, UniRef:UniRef50_A0A0D6QCD0, UniRef:UniRef90_A0A0D6QCD0
contig_3	1886348	1886803	+	JPEOAD_01765	16.3	9.2		
contig_3	1887618	1887761	+	JPEOAD_01767	5.2	4.8		
contig_3	1891112	1892044	-	JPEOAD_01771	35.3	8.9		RefSeq:WP_139064318.1, SO:0001217, UniParc:UPI0007DF32FC, UniRef:UniRef100_A0A181C517, UniRef:UniRef50_A0A181C517, UniRef:UniRef90_A0A181C517
contig_3	1892549	1892836	-	JPEOAD_01772	10.2	6.6		
contig_3	1898312	1898482	-	JPEOAD_01778	6.4	6.2		
contig_3	1904154	1904387	-	JPEOAD_01784	8.7	8.8		RefSeq:WP_007400250.1, SO:0001217, UniParc:UPI0002080237, UniRef:UniRef100_A0A181CBK8, UniRef:UniRef50_A0A181CBK8, UniRef:UniRef90_A0A181CBK8
contig_3	1961391	1961738	+	JPEOAD_01824	11.3	9.3		RefSeq:WP_007400308.1, SO:0001217, UniParc:UPI0002080453, UniRef:UniRef100_A0A181CBG7, UniRef:UniRef50_G2I4W5, UniRef:UniRef90_A0A181CBG7
contig_3	1972913	1973245	+	JPEOAD_01838	11.8	11.4		RefSeq:WP_007400323.1, SO:0001217, UniParc:UPI0002080462, UniRef:UniRef100_UPI0002080462, UniRef:UniRef50_G2I4V1, UniRef:UniRef90_A0A858JKA9
contig_3	1987420	1987659	-	JPEOAD_01854	8.7	5.4		RefSeq:WP_034929778.1, SO:0001217, UniParc:UPI0004D817D4, UniRef:UniRef100_A0A181CBD8, UniRef:UniRef50_G2I4T4, UniRef:UniRef90_G2I4T4
contig_3	1991070	1991384	+	JPEOAD_01858	11.6	10.0		RefSeq:WP_007400348.1, SO:0001217, UniParc:UPI0002080576, UniRef:UniRef100_UPI0002080576, UniRef:UniRef50_UPI0002080576, UniRef:UniRef90_UPI0002080576
contig_3	1993883	1994251	-	JPEOAD_01861	13.5	10.0		SO:0001217, UniRef:UniRef50_A0A858JF01, UniRef:UniRef90_A0A858JF01
contig_3	1997224	1999281	+	JPEOAD_01865	79.1	5.6	PF00702.32|Hydrolase, PF08282.18|Hydrolase_3	PFAM:PF00702.32, PFAM:PF08282.18, RefSeq:WP_139064323.1, SO:0001217, UniParc:UPI0003030DB7, UniRef:UniRef100_A0A181CBC6, UniRef:UniRef50_A0A181CBC6, UniRef:UniRef90_A0A181CBC6
contig_3	2058510	2058746	+	JPEOAD_01916	8.5	6.1		
contig_3	2129956	2130336	+	JPEOAD_01986	15.4	9.4		RefSeq:WP_007400506.1, SO:0001217, UniParc:UPI0002080909, UniRef:UniRef100_A0A181CB12, UniRef:UniRef50_G6XJY3, UniRef:UniRef90_A0A181CB12
contig_3	2132286	2132705	+	JPEOAD_01989	15.5	11.3		
contig_3	2206597	2206782	-	JPEOAD_02059	6.7	11.5		RefSeq:WP_007400589.1, SO:0001217, UniParc:UPI000207F9E2, UniRef:UniRef100_A0A181CAY6, UniRef:UniRef50_A0A181CAY6, UniRef:UniRef90_A0A181CAY6
contig_3	2206807	2207457	-	JPEOAD_02060	23.3	9.8		RefSeq:WP_007400590.1, SO:0001217, UniParc:UPI000207F9E3, UniRef:UniRef100_A0A858JMU0, UniRef:UniRef50_A0A318PQY8, UniRef:UniRef90_A0A858JMU0
contig_3	2208050	2208655	-	JPEOAD_02062	22.1	11.7		
contig_3	2212247	2212549	-	JPEOAD_02066	11.2	7.9		RefSeq:WP_034928364.1, SO:0001217, UniParc:UPI00031271F0, UniRef:UniRef100_A0A858JL40, UniRef:UniRef50_A0A858JL40, UniRef:UniRef90_A0A858JL40
contig_3	2223320	2223706	-	JPEOAD_02079	13.0	6.3		
contig_3	2241746	2241964	+	JPEOAD_02097	7.5	6.5		
contig_3	2241907	2242581	-	JPEOAD_02098	23.7	10.7		
contig_3	2258180	2259334	+	JPEOAD_02111	43.3	8.5		RefSeq:WP_146750208.1, SO:0001217, UniParc:UPI0011BE844B, UniRef:UniRef100_UPI0011BE844B, UniRef:UniRef50_A0A2Z3X772, UniRef:UniRef90_A0A6S6PIS9
contig_3	2266264	2266458	+	JPEOAD_02118	6.7	11.7		
contig_3	2276917	2277150	+	JPEOAD_02131	8.7	5.9		
contig_3	2295472	2295585	-	JPEOAD_02146	4.1	11.4	PF02492.25|cobW	PFAM:PF02492.25
contig_3	2302516	2303088	-	JPEOAD_02153	20.9	4.9		
contig_3	2303927	2304124	-	JPEOAD_02155	7.4	10.7		RefSeq:WP_039999084.1, SO:0001217, UniParc:UPI000313C3EA, UniRef:UniRef100_UPI000313C3EA, UniRef:UniRef50_UPI000313C3EA, UniRef:UniRef90_UPI000313C3EA
contig_3	2305833	2306072	-	JPEOAD_02157	8.1	4.4		SO:0001217, UniRef:UniRef50_UPI000B56111E
contig_3	2313968	2314066	+	JPEOAD_02164	4.0	9.2		SO:0001217, UniRef:UniRef50_A0A1Y0UZS5, UniRef:UniRef90_A0A1Y0UZS5
contig_3	2331875	2332006	+	JPEOAD_02178	5.1	11.6		
contig_3	2347437	2347949	-	JPEOAD_02193	17.4	5.3	PF00106.31|adh_short, PF13561.12|adh_short_C2	PFAM:PF00106.31, PFAM:PF13561.12
contig_3	2367084	2367542	+	JPEOAD_02210	17.8	6.6		RefSeq:WP_039999053.1, SO:0001217, UniParc:UPI0002E95295, UniRef:UniRef100_A0A858JJ31, UniRef:UniRef50_A0A858JJ31, UniRef:UniRef90_A0A858JJ31
contig_3	2432642	2433016	-	JPEOAD_02265	13.7	6.7		RefSeq:WP_007398638.1, SO:0001217, UniParc:UPI0002080AB1, UniRef:UniRef100_A0A181CAN6, UniRef:UniRef50_A0A318QQA1, UniRef:UniRef90_A0A181CAN6
contig_3	2463075	2463215	-	JPEOAD_02293	5.0	12.0		
contig_3	2464354	2464491	+	JPEOAD_02295	4.8	6.4		
contig_3	2486299	2486619	-	JPEOAD_02314	11.0	9.9		SO:0001217, UniRef:UniRef50_UPI001CD36538, UniRef:UniRef90_UPI001CD36538
contig_3	2526703	2527761	-	JPEOAD_02345	39.0	6.6		SO:0001217, UniRef:UniRef50_A0A0N0MDZ5, UniRef:UniRef90_UPI0004D5A73C
contig_3	2530485	2530745	-	JPEOAD_02347	9.8	5.9		RefSeq:WP_039998935.1, SO:0001217, UniParc:UPI00058736B4, UniRef:UniRef100_A0A181C5H5, UniRef:UniRef50_A0A181C5H5, UniRef:UniRef90_A0A181C5H5
contig_3	2542180	2542941	+	JPEOAD_02359	28.4	10.6	PF01292.26|Ni_hydr_CYTB	PFAM:PF01292.26
contig_3	2550124	2550408	+	JPEOAD_02366	9.2	9.4		RefSeq:WP_007398515.1, SO:0001217, UniParc:UPI000208075E, UniRef:UniRef100_A0A181CAJ1, UniRef:UniRef50_A0A181CAJ1, UniRef:UniRef90_A0A181CAJ1
contig_3	2551303	2551464	+	JPEOAD_02368	6.1	9.3		
contig_3	2559149	2559325	+	JPEOAD_02376	6.4	5.3		RefSeq:WP_157772009.1, SO:0001217, UniParc:UPI0007DDED69, UniRef:UniRef100_A0A181CAI0, UniRef:UniRef50_A0A181CAI0, UniRef:UniRef90_A0A181CAI0
contig_3	2559358	2559522	+	JPEOAD_02377	5.5	4.6		RefSeq:WP_007398499.1, SO:0001217, UniParc:UPI000208074E, UniRef:UniRef100_A0A181CAM4, UniRef:UniRef50_A0A181CAM4, UniRef:UniRef90_A0A181CAM4
contig_3	2562059	2562388	+	JPEOAD_02381	10.8	9.0		
contig_3	2563025	2563264	-	JPEOAD_02383	8.6	10.1		RefSeq:WP_112210005.1, SO:0001217, UniParc:UPI0007DE2C38, UniRef:UniRef100_A0A181CAK9, UniRef:UniRef50_A0A181CAK9, UniRef:UniRef90_A0A181CAK9
contig_3	2565211	2565360	-	JPEOAD_02387	5.2	12.0		RefSeq:WP_007398488.1, SO:0001217, UniParc:UPI0002080743, UniRef:UniRef100_A0A181CAL6, UniRef:UniRef50_A0A181CAL6, UniRef:UniRef90_A0A181CAL6
contig_3	2566208	2566591	-	JPEOAD_02389	13.1	9.6		SO:0001217, UniRef:UniRef50_G2I452, UniRef:UniRef90_A0A858JEJ1
contig_3	2566548	2567039	-	JPEOAD_02390	17.3	8.6		RefSeq:WP_007398485.1, SO:0001217, UniParc:UPI0002080740, UniRef:UniRef100_A0A181CAJ5, UniRef:UniRef50_A0A9N7CPN5, UniRef:UniRef90_A0A181CAJ5
contig_3	2572492	2572725	-	JPEOAD_02398	8.2	12.0		RefSeq:WP_139064286.1, SO:0001217, UniParc:UPI0002FDA5E1, UniRef:UniRef100_A0A181CAG2, UniRef:UniRef50_A0A181CAG2, UniRef:UniRef90_A0A181CAG2
contig_3	2575925	2577217	-	JPEOAD_02403	43.4	12.0		RefSeq:WP_099963227.1, SO:0001217, UniParc:UPI0007DCD737, UniRef:UniRef100_A0A181CAJ0, UniRef:UniRef50_A0A181CAJ0, UniRef:UniRef90_A0A181CAJ0
contig_3	2580862	2581512	-	JPEOAD_02408	22.3	6.9		RefSeq:WP_007398469.1, SO:0001217, UniParc:UPI000208063A, UniRef:UniRef100_A0A181CAF3, UniRef:UniRef50_G2I435, UniRef:UniRef90_A0A181CAF3
contig_3	2589349	2590470	-	JPEOAD_02417	40.0	5.2		RefSeq:WP_007398457.1, SO:0001217, UniParc:UPI000208062E, UniRef:UniRef100_A0A181CAI7, UniRef:UniRef50_G2I420, UniRef:UniRef90_A0A181CAI7
contig_3	2599762	2600298	+	JPEOAD_02425	20.0	6.8	PF08883.16|DOPA_dioxygen	PFAM:PF08883.16
contig_3	2603699	2603788	-	JPEOAD_02429	3.0	12.0		
contig_3	2603800	2604264	-	JPEOAD_02430	16.5	5.5		RefSeq:WP_007398443.1, SO:0001217, UniParc:UPI0002080620, UniRef:UniRef100_A0A181CAF7, UniRef:UniRef50_G2I415, UniRef:UniRef90_A0A0N1N784
contig_3	2610938	2611207	+	JPEOAD_02437	9.4	11.2		RefSeq:WP_051672135.1, SO:0001217, UniParc:UPI0004D963AD, UniRef:UniRef100_A0A181CAG7, UniRef:UniRef50_A0A0D6Q8N5, UniRef:UniRef90_A0A181CAG7
contig_3	2611237	2611578	+	JPEOAD_02438	11.3	8.9		RefSeq:WP_139064284.1, SO:0001217, UniParc:UPI0007DD4055, UniRef:UniRef100_A0A181CAC6, UniRef:UniRef50_A0A181CAC6, UniRef:UniRef90_A0A181CAC6
contig_3	2654192	2654641	-	JPEOAD_02470	16.7	9.3		RefSeq:WP_039998783.1, SO:0001217, UniParc:UPI0005866B5E, UniRef:UniRef100_A0A181CA95, UniRef:UniRef50_A0A181CA95, UniRef:UniRef90_A0A181CA95
contig_3	2654643	2655122	-	JPEOAD_02471	17.6	4.7		RefSeq:WP_112209978.1, SO:0001217, UniParc:UPI0007DD1586, UniRef:UniRef100_UPI0007DD1586, UniRef:UniRef50_UPI0007DD1586, UniRef:UniRef90_UPI0007DD1586
contig_3	2686469	2686669	-	JPEOAD_02496	6.7	11.8		
contig_3	2749642	2749872	+	JPEOAD_02544	8.0	4.1		RefSeq:WP_007398304.1, SO:0001217, UniParc:UPI00020801B2, UniRef:UniRef100_A0A181CA65, UniRef:UniRef50_A0A181CA65, UniRef:UniRef90_A0A181CA65
contig_3	2752527	2752721	+	JPEOAD_02547	7.0	5.3		RefSeq:WP_034927778.1, SO:0001217, UniParc:UPI0002E6EFDC, UniRef:UniRef100_A0A181CA46, UniRef:UniRef50_A0A181CA46, UniRef:UniRef90_A0A181CA46
contig_3	2758860	2759039	-	JPEOAD_02554	6.7	11.2		SO:0001217, UniRef:UniRef50_UPI0013053A45
contig_3	2768063	2768185	-	JPEOAD_02563	4.9	6.5		
contig_3	2769022	2769204	+	JPEOAD_02565	6.6	10.0		RefSeq:WP_007398279.1, SO:0001217, UniParc:UPI00020800AD, UniRef:UniRef100_A0A181CA44, UniRef:UniRef50_A0A181CA44, UniRef:UniRef90_A0A181CA44
contig_3	2769310	2769642	+	JPEOAD_02566	11.8	4.7		RefSeq:WP_039998842.1, SO:0001217, UniParc:UPI0003015F3C, UniRef:UniRef100_A0A181CA24, UniRef:UniRef50_G2I3S6, UniRef:UniRef90_A0A181CA24
contig_3	2794976	2795380	+	JPEOAD_02586	15.2	4.7		RefSeq:WP_007398254.1, SO:0001217, UniParc:UPI0002080094, UniRef:UniRef100_A0A181CA08, UniRef:UniRef50_A0A318PYQ3, UniRef:UniRef90_A0A181CA08
contig_3	2799944	2800624	+	JPEOAD_02591	23.9	10.6		
contig_3	2821031	2821261	-	JPEOAD_02605	8.9	8.0		RefSeq:WP_223846668.1, SO:0001217, UniParc:UPI0007DD158A, UniRef:UniRef100_A0A858JMQ1, UniRef:UniRef50_A0A347WEQ6, UniRef:UniRef90_A0A858JMQ1
contig_3	2837913	2838269	-	JPEOAD_02616	12.1	9.7		RefSeq:WP_034932877.1, SO:0001217, UniParc:UPI0002E43CA0, UniRef:UniRef100_A0A181C9X7, UniRef:UniRef50_A0A181C9X7, UniRef:UniRef90_A0A181C9X7
contig_3	2840415	2840600	+	JPEOAD_02618	7.3	7.7		
contig_3	2840826	2840957	+	JPEOAD_02619	4.8	9.6		
contig_3	2850467	2850673	-	JPEOAD_02630	7.3	11.8		
contig_3	2851461	2851988	+	JPEOAD_02631	18.3	11.2	PF07715.20|Plug	PFAM:PF07715.20
contig_3	2864430	2864660	+	JPEOAD_02642	8.4	5.7		SO:0001217, UniRef:UniRef50_UPI001F5B974D, UniRef:UniRef90_UPI001F5B974D
contig_3	2876264	2876587	+	JPEOAD_02652	12.0	6.9		SO:0001217, UniRef:UniRef50_A0A318R271, UniRef:UniRef90_A0A858JE18
contig_3	2899505	2899669	-	JPEOAD_02676	6.2	4.7		RefSeq:WP_007398141.1, SO:0001217, UniParc:UPI000207FCF6, UniRef:UniRef100_A0A181C9Q2, UniRef:UniRef50_A0A0N1FN94, UniRef:UniRef90_A0A181C9Q2
contig_3	2903352	2903513	-	JPEOAD_02681	5.7	7.7		
contig_3	2945631	2946254	+	JPEOAD_02713	22.2	7.1		
contig_3	2949585	2949689	-	JPEOAD_02717	3.7	8.4		
contig_3	2959849	2960061	+	JPEOAD_02727	7.1	12.0		RefSeq:WP_007398080.1, SO:0001217, UniParc:UPI000207FA90, UniRef:UniRef100_A0A181C9M9, UniRef:UniRef50_A0A181C9M9, UniRef:UniRef90_A0A181C9M9
contig_3	2968902	2969177	+	JPEOAD_02729	9.5	5.5		RefSeq:WP_007398078.1, SO:0001217, UniParc:UPI000207FA8E, UniRef:UniRef100_A0A181C9N0, UniRef:UniRef50_A0A181C9N0, UniRef:UniRef90_A0A181C9N0
contig_3	2969877	2970239	-	JPEOAD_02731	12.9	10.6		
contig_3	2970247	2970456	-	JPEOAD_02732	8.0	9.9		RefSeq:WP_007398075.1, SO:0001217, UniParc:UPI000207FA8B, UniRef:UniRef100_A0A181C9N3, UniRef:UniRef50_A0A0U5F3X5, UniRef:UniRef90_A0A181C9N3
contig_3	2973501	2973596	-	JPEOAD_02735	3.4	4.7		
contig_3	2981218	2981502	+	JPEOAD_02741	9.5	9.7		RefSeq:WP_099963244.1, SO:0001217, UniParc:UPI00030A2963, UniRef:UniRef100_UPI00030A2963, UniRef:UniRef50_UPI00030A2963, UniRef:UniRef90_UPI00030A2963
contig_3	2983493	2983765	+	JPEOAD_02744	10.0	9.2		
contig_3	3008970	3009143	+	JPEOAD_02767	6.2	9.7		
contig_3	3045065	3045178	-	JPEOAD_02795	4.1	4.6		
contig_3	3053693	3053929	+	JPEOAD_02800	9.0	10.0		SO:0001217, UniRef:UniRef50_A0A858JMS0, UniRef:UniRef90_A0A858JMS0
contig_3	3084428	3084547	-	JPEOAD_02818	4.3	9.1		
contig_3	3085464	3085874	-	JPEOAD_02820	15.0	10.8	PF05598.16|DUF772	PFAM:PF05598.16
contig_3	3086064	3087188	+	JPEOAD_02821	42.1	6.2	PF07733.18|DNA_pol3_alpha	PFAM:PF07733.18
contig_3	3087151	3087387	+	JPEOAD_02822	8.5	4.7		
contig_3	3089854	3089976	-	JPEOAD_02825	4.6	8.6		
contig_3	3098161	3098274	+	JPEOAD_02835	4.3	6.8		
contig_3	3107216	3107536	-	JPEOAD_02839	11.8	6.0		
contig_3	3111841	3112467	+	JPEOAD_02844	22.5	11.0		
contig_3	3113394	3114761	-	JPEOAD_02845	46.1	4.4		SO:0001217, UniRef:UniRef50_A0A181CE18, UniRef:UniRef90_A0A181CE18
contig_3	3118138	3118533	-	JPEOAD_02850	14.6	4.6		RefSeq:WP_050800604.1, SO:0001217, UniParc:UPI0006818DB5, UniRef:UniRef100_A0A181C5C1, UniRef:UniRef50_A0A181C5C1, UniRef:UniRef90_A0A181C5C1
contig_3	3118811	3119434	-	JPEOAD_02851	24.2	8.9		RefSeq:WP_139064278.1, SO:0001217, UniParc:UPI0007DF7BCC, UniRef:UniRef100_A0A181C5B6, UniRef:UniRef50_A0A181C5B6, UniRef:UniRef90_A0A181C5B6
contig_3	3121320	3124358	-	JPEOAD_02853	99.7	4.4	PF13332.12|Fil_haemagg_2	PFAM:PF13332.12, RefSeq:WP_007397825.1, SO:0001217, UniParc:UPI00020805FC, UniRef:UniRef100_A0A181C5D0, UniRef:UniRef50_A0A181C5D0, UniRef:UniRef90_A0A181C5D0
contig_3	3124839	3125192	-	JPEOAD_02854	13.0	11.0		SO:0001217, UniRef:UniRef50_A0A0N1FD55
contig_3	3126326	3126604	+	JPEOAD_02855	11.0	7.8		
contig_3	3138246	3138377	+	JPEOAD_02865	4.8	10.7		
contig_3	3138412	3138552	+	JPEOAD_02866	5.0	10.0		SO:0001217, UniRef:UniRef50_A0A850NZ39
contig_3	3138973	3139089	+	JPEOAD_02868	4.0	9.5		
contig_3	3139568	3139729	+	JPEOAD_02870	6.3	6.7		RefSeq:WP_156953916.1, SO:0001217, UniParc:UPI00030F4D58, UniRef:UniRef100_A0A181CBY9, UniRef:UniRef50_A0A181CBY9, UniRef:UniRef90_A0A181CBY9
contig_3	3155737	3155868	+	JPEOAD_02880	4.8	6.0		
contig_3	3199382	3199648	-	JPEOAD_02921	9.1	4.7		RefSeq:WP_034932959.1, SO:0001217, UniParc:UPI0004D8ACF9, UniRef:UniRef100_A0A181CC38, UniRef:UniRef50_A0A6M8HPZ4, UniRef:UniRef90_A0A0D6PYZ9
contig_3	3209560	3209667	+	JPEOAD_02931	3.5	9.3		
contig_3	3227494	3227793	-	JPEOAD_02954	10.8	11.5		
contig_3	3261726	3262127	+	JPEOAD_02987	14.1	6.3		RefSeq:WP_034933056.1, SO:0001217, UniParc:UPI0004D67E3D, UniRef:UniRef100_A0A181CC58, UniRef:UniRef50_A0A347WCU4, UniRef:UniRef90_G2I5H9
contig_3	3294315	3294863	-	JPEOAD_03020	20.5	5.0		RefSeq:WP_034933097.1, SO:0001217, UniParc:UPI0004D4BE85, UniRef:UniRef100_A0A181CCB6, UniRef:UniRef50_G2I5L0, UniRef:UniRef90_A0A181CCB6
contig_3	3394163	3394468	-	JPEOAD_03107	10.0	9.4		RefSeq:WP_007399594.1, SO:0001217, UniParc:UPI00020800EF, UniRef:UniRef100_A0A181CCH8, UniRef:UniRef50_A0A0D6Q962, UniRef:UniRef90_A0A181CCH8
contig_3	3397744	3397932	+	JPEOAD_03112	6.7	6.5		RefSeq:WP_007399589.1, SO:0001217, UniParc:UPI00020800EA, UniRef:UniRef100_A0A181CCL7, UniRef:UniRef50_A0A0M0EMV3, UniRef:UniRef90_A0A181CCL7
contig_3	3405644	3406165	-	JPEOAD_03124	19.4	7.9		RefSeq:WP_007399576.1, SO:0001217, UniParc:UPI00020800DD, UniRef:UniRef100_A0A181CCM0, UniRef:UniRef50_G2I5X0, UniRef:UniRef90_G2I5X0
contig_3	3410327	3410479	-	JPEOAD_03127	5.9	11.2		
contig_3	3437661	3437942	-	JPEOAD_03154	9.7	12.0		RefSeq:WP_034933297.1, SO:0001217, UniParc:UPI0004D5F7CA, UniRef:UniRef100_A0A858JPT8, UniRef:UniRef50_A0A858JPT8, UniRef:UniRef90_A0A858JPT8
contig_3	3453971	3454102	-	JPEOAD_03169	4.5	6.5		SO:0001217, UniRef:UniRef50_A0A023D6Z3, UniRef:UniRef90_A0A0D6Q1H3
contig_3	3489748	3490035	-	JPEOAD_03198	9.7	6.7	PF03459.23|TOBE	PFAM:PF03459.23
contig_3	3493704	3493862	-	JPEOAD_03201	5.8	6.0		SO:0001217, UniRef:UniRef50_UPI0004D435A0, UniRef:UniRef90_UPI0004D435A0
contig_3	3528276	3528527	+	JPEOAD_03229	9.4	10.6		
contig_3	3528524	3528673	+	JPEOAD_03230	5.3	5.1		
contig_3	3528678	3528839	+	JPEOAD_03231	5.7	11.0		
contig_3	3537086	3537193	+	JPEOAD_03239	3.9	4.6		
contig_3	3544298	3544657	-	JPEOAD_03244	13.2	10.2		SO:0001217, UniRef:UniRef50_A0A0N1FD55
contig_3	3550917	3551630	-	JPEOAD_03250	26.7	5.6		RefSeq:WP_146750217.1, SO:0001217, UniParc:UPI0007E1B79C, UniRef:UniRef100_A0A181C641, UniRef:UniRef50_A0A181C641, UniRef:UniRef90_A0A181C641
contig_3	3562587	3562985	+	JPEOAD_03257	15.1	10.8		SO:0001217, UniRef:UniRef50_UPI001F5B166B, UniRef:UniRef90_UPI001F5B166B
contig_3	3567289	3567759	-	JPEOAD_03263	18.3	8.6		RefSeq:WP_139064302.1, SO:0001217, UniParc:UPI0007E091B4, UniRef:UniRef100_A0A181C5R0, UniRef:UniRef50_A0A181C5R0, UniRef:UniRef90_A0A181C5R0
contig_3	3570600	3570911	-	JPEOAD_03266	11.7	5.2		
contig_4	10814	11068	+	JPEOAD_03276	9.7	10.5		
contig_4	20619	21014	+	JPEOAD_03289	14.1	8.7		SO:0001217, UniRef:UniRef50_A0A0M0EEV7, UniRef:UniRef90_A0A0M0EEV7
contig_4	29034	29309	-	JPEOAD_03301	9.8	5.5		RefSeq:WP_110570055.1, SO:0001217, UniParc:UPI0007DDACF1, UniRef:UniRef100_A0A318QDS1, UniRef:UniRef50_A0A318QDS1, UniRef:UniRef90_A0A318QDS1
contig_4	47442	48062	+	JPEOAD_03314	23.2	8.3	PF07978.19|NIPSNAP	PFAM:PF07978.19, RefSeq:WP_039733240.1, SO:0001217, UniParc:UPI000584B902, UniRef:UniRef100_A0A347WH31, UniRef:UniRef50_A0A347WH31, UniRef:UniRef90_A0A347WH31
contig_2	4199	4333	-	JPEOAD_03324	5.1	8.4		
contig_2	5287	5403	+	JPEOAD_03326	4.3	6.5		SO:0001217, UniRef:UniRef50_A0A347WGR2, UniRef:UniRef90_A0A0M0ECK9
contig_2	23106	23408	+	JPEOAD_03341	11.1	4.6		RefSeq:WP_102325775.1, SO:0001217, UniParc:UPI0007DDA56A, UniRef:UniRef100_A0A365YUF0, UniRef:UniRef50_A0A318QB57, UniRef:UniRef90_A0A318QB57
contig_2	25105	25599	-	JPEOAD_03344	18.1	9.0		RefSeq:WP_078524628.1, SO:0001217, UniParc:UPI0007DD152F, UniRef:UniRef100_A0A9N7H056, UniRef:UniRef50_A0A0M0ECX4, UniRef:UniRef90_A0A347WGS7
contig_2	26433	27017	-	JPEOAD_03346	21.4	9.9		RefSeq:WP_223846566.1, SO:0001217, UniParc:UPI0007DD9F36, UniRef:UniRef100_A0A858JLY3, UniRef:UniRef50_G2I7V5, UniRef:UniRef90_G2I7V5
contig_2	27312	27539	+	JPEOAD_03347	8.1	4.6		
contig_2	30378	30698	+	JPEOAD_03350	12.4	9.8		SO:0001217, UniRef:UniRef50_A0A0M0EE29, UniRef:UniRef90_A0A0M0EE29
contig_2	30992	31222	+	JPEOAD_03351	8.6	9.9		SO:0001217, UniParc:UPI0003EA4CEE, UniRef:UniRef100_A0A2S3W1P5, UniRef:UniRef50_A0A347WGT8, UniRef:UniRef90_A0A2S3W1P5
contig_2	34885	35490	-	JPEOAD_03354	20.6	6.2		RefSeq:WP_112210243.1, SO:0001217, UniParc:UPI0007DCEB87, UniRef:UniRef100_A0A181CEM4, UniRef:UniRef50_A0A2S3W1U7, UniRef:UniRef90_A0A2S3W1U7
contig_2	37149	37571	-	JPEOAD_03357	14.9	4.9		RefSeq:WP_039998253.1, SO:0001217, UniParc:UPI00031018EC, UniRef:UniRef100_A0A181CEL0, UniRef:UniRef50_A0A347WGU4, UniRef:UniRef90_A0A347WGU4
contig_2	50412	51074	-	JPEOAD_03371	24.1	9.0		SO:0001217, UniParc:UPI0007DE3222, UniRef:UniRef100_A0A181C9B1, UniRef:UniRef50_A0A318PSB0, UniRef:UniRef90_A0A0M0EC58
contig_2	52611	52706	-	JPEOAD_03374	3.5	8.3		SO:0001217, UniParc:UPI0005921E5A, UniRef:UniRef100_A0A2S3W1L2, UniRef:UniRef50_A0A2S3W1L2, UniRef:UniRef90_A0A2S3W1L2
contig_2	53735	54901	-	JPEOAD_03376	41.0	8.8		SO:0001217, UniRef:UniRef50_A0A2S3W1L7, UniRef:UniRef90_A0A2S3W1L7
contig_2	60224	60601	-	JPEOAD_03382	13.8	6.0		RefSeq:WP_061275214.1, SO:0001217, UniParc:UPI000774C065, UniRef:UniRef100_A0A318PGX1, UniRef:UniRef50_A0A318PGX1, UniRef:UniRef90_A0A318PGX1
contig_2	62768	64180	+	JPEOAD_03386	50.8	5.5		RefSeq:WP_112209946.1, SO:0001217, UniParc:UPI0007DD0444, UniRef:UniRef100_A0A181C981, UniRef:UniRef50_A0A0M0EDW9, UniRef:UniRef90_A0A0M0EDW9
contig_2	67406	67570	+	JPEOAD_03389	6.0	8.9		SO:0001217, UniRef:UniRef50_A0A347WA05, UniRef:UniRef90_A0A4P5NUZ7
contig_2	68335	68871	-	JPEOAD_03390	19.9	11.0		RefSeq:WP_110569791.1, SO:0001217, UniParc:UPI0007DD617D, UniRef:UniRef100_A0A318QF00, UniRef:UniRef50_A0A0M0EDA4, UniRef:UniRef90_A0A0M0EDA4
contig_2	69934	70323	-	JPEOAD_03392	14.7	5.2		RefSeq:WP_110569790.1, SO:0001217, UniParc:UPI0007DCF5B9, UniRef:UniRef100_A0A318QGI4, UniRef:UniRef50_A0A318PG66, UniRef:UniRef90_A0A0M0EDA7
contig_2	113481	113783	-	JPEOAD_03431	11.2	9.3		SO:0001217, UniParc:UPI0006C2257F, UniRef:UniRef100_A0A0M0ED54, UniRef:UniRef50_A0A0M0ED54, UniRef:UniRef90_A0A0M0ED54
contig_2	115036	115239	+	JPEOAD_03434	7.7	4.8		
contig_2	117868	118503	+	JPEOAD_03437	23.8	11.4		
contig_2	120978	121472	+	JPEOAD_03440	17.9	5.7	PF13005.12|zf-IS66	PFAM:PF13005.12
contig_2	124338	125873	+	JPEOAD_03444	57.4	5.7	PF00384.28|Molybdopterin, PF01568.27|Molydop_binding	PFAM:PF00384.28, PFAM:PF01568.27
contig_2	132980	133501	+	JPEOAD_03452	19.8	11.0		
contig_2	142533	142712	-	JPEOAD_03461	7.0	7.8		SO:0001217, UniRef:UniRef50_A0AA37SLQ0
contig_2	156398	156775	-	JPEOAD_03477	14.2	10.3		
contig_2	176615	176824	+	JPEOAD_03493	7.8	10.0		SO:0001217, UniRef:UniRef50_A0A2S3VX53, UniRef:UniRef90_A0A2S3VX53
contig_2	179986	180126	+	JPEOAD_03497	5.1	5.4		SO:0001217, UniParc:UPI000207FC57, UniRef:UniRef100_A0A0N1F7K4, UniRef:UniRef50_A0A0N1F7K4, UniRef:UniRef90_A0A0N1F7K4
contig_2	200036	200377	-	JPEOAD_03521	12.8	7.8		SO:0001217, UniRef:UniRef50_A0A0M0EDG8, UniRef:UniRef90_A0A0M0EDG8
contig_2	207410	207586	-	JPEOAD_03528	7.0	10.3		RefSeq:WP_159104948.1, SO:0001217, UniParc:UPI0007DCCE4B, UniRef:UniRef100_UPI0007DCCE4B, UniRef:UniRef50_UPI0007DCCE4B, UniRef:UniRef90_UPI0007DCCE4B
contig_7	10099	10521	-	JPEOAD_03544	15.0	5.4		RefSeq:WP_112209712.1, SO:0001217, UniParc:UPI0007DD6BE8, UniRef:UniRef100_A0A181C5E0, UniRef:UniRef50_A0A318QLZ7, UniRef:UniRef90_A0A181C5E0
contig_7	10584	10733	+	JPEOAD_03545	5.7	5.3		
contig_6	1576	1755	+	JPEOAD_03553	7.0	8.2		
contig_6	1870	2457	+	JPEOAD_03554	22.0	9.2		RefSeq:WP_146750211.1, SO:0001217, UniParc:UPI0007DF64C4, UniRef:UniRef100_UPI0007DF64C4, UniRef:UniRef50_UPI0007DF64C4, UniRef:UniRef90_UPI0007DF64C4
contig_6	2999	3280	-	JPEOAD_03557	9.8	9.7		RefSeq:WP_112209745.1, SO:0001217, UniParc:UPI0007E2796E, UniRef:UniRef100_UPI0007E2796E, UniRef:UniRef50_A0A149UMN0, UniRef:UniRef90_A0A149UMN0
contig_6	3345	3797	+	JPEOAD_03558	15.9	8.3		SO:0001217, UniRef:UniRef50_A0A149UQ57
contig_6	3891	4070	-	JPEOAD_03559	6.0	10.2		RefSeq:WP_146750213.1, SO:0001217, UniParc:UPI0007E15DA0, UniRef:UniRef100_UPI0007E15DA0, UniRef:UniRef50_UPI0007E15DA0, UniRef:UniRef90_UPI0007E15DA0
contig_6	5383	5583	+	JPEOAD_03561	7.8	9.6		RefSeq:WP_146750214.1, SO:0001217, UniParc:UPI0007E0DD50, UniRef:UniRef100_UPI0007E0DD50, UniRef:UniRef50_A0A270B4Q1, UniRef:UniRef90_A0AA35UKW4
