#Annotated with Bakta v1.6.1, https://github.com/oschwengers/bakta
#Database v4.0, https://doi.org/10.5281/zenodo.4247252
#Sequence Id	Start	Stop	Strand	Locus Tag	Mol Weight [kDa]	Iso El. Point	Pfam hits	Dbxrefs
contig_4	6693	6869	+	CENAFE_00030	6.2	8.3		SO:0001217, UniParc:UPI0007DD41D1, UniRef:UniRef100_A0A181C5D1, UniRef:UniRef50_A0A511GWN3, UniRef:UniRef90_A0A511GWN3
contig_4	7706	7960	-	CENAFE_00045	10.1	9.9		RefSeq:WP_112209706.1, SO:0001217, UniParc:UPI0007DD3B93, UniRef:UniRef100_A0A181C6C1, UniRef:UniRef50_W5YE61, UniRef:UniRef90_W5YE61
contig_4	10376	10798	-	CENAFE_00065	15.0	5.4		RefSeq:WP_112209712.1, SO:0001217, UniParc:UPI0007DD6BE8, UniRef:UniRef100_A0A181C5E0, UniRef:UniRef50_A0A318QLZ7, UniRef:UniRef90_A0A318QLZ7
contig_4	10861	11010	+	CENAFE_00070	5.7	5.3		SO:0001217, UniParc:UPI0007DE24E0, UniRef:UniRef100_A0A181C5E2, UniRef:UniRef50_A0A181C5E2, UniRef:UniRef90_A0A181C5E2
contig_4	20656	21054	+	CENAFE_00125	14.8	10.8		SO:0001217, UniRef:UniRef50_A0A511FRW1, UniRef:UniRef90_A0A511FRW1
contig_4	23640	24224	+	CENAFE_00145	21.8	9.1		
contig_7	11322	11957	-	CENAFE_00205	23.8	11.4		SO:0001217, UniRef:UniRef50_A0A181C594, UniRef:UniRef90_A0A181C594
contig_7	15603	15842	+	CENAFE_00225	8.6	9.5		RefSeq:WP_034933542.1, SO:0001217, UniParc:UPI0004D89DBE, UniRef:UniRef100_A0A857FTD9, UniRef:UniRef50_W5YEG9, UniRef:UniRef90_W5YEG9
contig_7	16042	16344	+	CENAFE_00235	11.2	9.3		SO:0001217, UniParc:UPI0006C2257F, UniRef:UniRef100_A0A0M0ED54, UniRef:UniRef50_A0A0M0ED54, UniRef:UniRef90_A0A0M0ED54
contig_7	16197	17636	-	CENAFE_00240	53.6	6.6		RefSeq:WP_007396156.1, SO:0001217, UniParc:UPI000207FF19, UniRef:UniRef100_A0A0M0ECB2, UniRef:UniRef50_C7JJ35, UniRef:UniRef90_A0A318PIS7
contig_7	39407	39553	+	CENAFE_00330	5.3	4.4		SO:0001217, UniParc:UPI000312CCEC, UniRef:UniRef100_A0A0M0EBR8, UniRef:UniRef50_A0A0M0EBR8, UniRef:UniRef90_A0A0M0EBR8
contig_7	55277	55780	-	CENAFE_00405	18.2	6.6		RefSeq:WP_223846646.1, SO:0001217, UniParc:UPI0003EA427D, UniRef:UniRef100_W5YM03, UniRef:UniRef50_G2I2Y9, UniRef:UniRef90_G2I819
contig_7	59502	59891	+	CENAFE_00430	14.7	5.2		RefSeq:WP_110569790.1, SO:0001217, UniParc:UPI0007DCF5B9, UniRef:UniRef100_A0A181C9D1, UniRef:UniRef50_A0A3T0KJX2, UniRef:UniRef90_W5YLZ7
contig_7	60954	61490	+	CENAFE_00440	19.9	11.0		RefSeq:WP_110569791.1, SO:0001217, UniParc:UPI0007DD617D, UniRef:UniRef100_A0A181C982, UniRef:UniRef50_W5YEK5, UniRef:UniRef90_W5YEK5
contig_7	62255	62419	-	CENAFE_00445	6.0	8.9		SO:0001217, UniParc:UPI0007DE0863, UniRef:UniRef100_A0A347WGH0, UniRef:UniRef50_A0A0N1FD55, UniRef:UniRef90_A0A347WGH0
contig_7	62741	63238	-	CENAFE_00450	18.6	8.9		RefSeq:WP_112209948.1, SO:0001217, UniParc:UPI000DD32DB4, UniRef:UniRef100_A0A371YZQ4, UniRef:UniRef50_A0A3T0KK12, UniRef:UniRef90_A0A0M0EDH4
contig_7	63262	65622	-	CENAFE_00455	82.5	5.3		RefSeq:WP_110095200.1, SO:0001217, UniParc:UPI0007DCEEA1, UniRef:UniRef100_A0A857FSM2, UniRef:UniRef50_C7JI82, UniRef:UniRef90_G2I809
contig_7	65645	67057	-	CENAFE_00460	50.8	5.5		RefSeq:WP_112209946.1, SO:0001217, UniParc:UPI0007DD0444, UniRef:UniRef100_A0A181C981, UniRef:UniRef50_G2I808, UniRef:UniRef90_G2I808
contig_7	67068	68252	-	CENAFE_00465	41.9	8.2		RefSeq:WP_112209944.1, SO:0001217, UniParc:UPI0007DD949C, UniRef:UniRef100_A0A181C9B6, UniRef:UniRef50_A0A1D8UXU9, UniRef:UniRef90_W5YEK1
contig_7	68252	68839	-	CENAFE_00470	19.2	4.5		RefSeq:WP_010515543.1, SO:0001217, UniParc:UPI000237E378, UniRef:UniRef100_A0A318PGU5, UniRef:UniRef50_A0A1Y0V1T2, UniRef:UniRef90_G2I806
contig_7	68836	69180	-	CENAFE_00475	12.5	5.9		RefSeq:WP_010515542.1, SO:0001217, UniParc:UPI000237E377, UniRef:UniRef100_A0A0N1FCE2, UniRef:UniRef50_G2I805, UniRef:UniRef90_G2I805
contig_7	69224	69601	+	CENAFE_00480	13.8	6.0		RefSeq:WP_061275214.1, SO:0001217, UniParc:UPI000774C065, UniRef:UniRef100_A0A318PGX1, UniRef:UniRef50_A0A070A746, UniRef:UniRef90_A0A318PGX1
contig_7	70996	71874	+	CENAFE_00490	33.6	10.3		RefSeq:WP_172459708.1, SO:0001217, UniParc:UPI0007DE11BF, UniRef:UniRef100_A0A181C993, UniRef:UniRef50_G2I803, UniRef:UniRef90_G2I803
contig_7	74924	76090	+	CENAFE_00510	41.0	8.8		SO:0001217, UniRef:UniRef50_G2I7Z9, UniRef:UniRef90_G2I7Z9
contig_7	76108	76653	+	CENAFE_00515	19.5	5.6		RefSeq:WP_010515535.1, SO:0001217, UniParc:UPI000237E371, UniRef:UniRef100_A0A318PZL7, UniRef:UniRef50_G2I7Z8, UniRef:UniRef90_G2I7Z8
contig_7	77119	77214	+	CENAFE_00520	3.5	8.3		SO:0001217, UniParc:UPI0005921E5A, UniRef:UniRef100_A0A0N0MGN3, UniRef:UniRef50_A0A0N0MGN3, UniRef:UniRef90_A0A0N0MGN3
contig_7	78267	78737	+	CENAFE_00530	15.8	10.0		RefSeq:WP_112209937.1, SO:0001217, UniParc:UPI0007DD91FB, UniRef:UniRef100_A0A3T0KK26, UniRef:UniRef50_A0A0S3JPM1, UniRef:UniRef90_W5YEW7
contig_7	78751	79413	+	CENAFE_00535	24.1	9.0		SO:0001217, UniParc:UPI0007DE3222, UniRef:UniRef100_A0A3T0KK33, UniRef:UniRef50_G2I7Z4, UniRef:UniRef90_G2I7Z4
contig_7	79231	79830	-	CENAFE_00540	22.6	11.3		
contig_9	9614	9955	-	CENAFE_00595	12.8	7.8		SO:0001217, UniParc:UPI000587BF57, UniRef:UniRef100_A0A070A2S3, UniRef:UniRef50_A0A070A2S3, UniRef:UniRef90_A0A070A2S3
contig_9	16988	17164	-	CENAFE_00630	7.0	10.3		RefSeq:WP_159104948.1, SO:0001217, UniParc:UPI0007DCCE4B, UniRef:UniRef100_A0A181CEH1, UniRef:UniRef50_A0A181CEH1, UniRef:UniRef90_A0A181CEH1
contig_9	17401	18099	-	CENAFE_00635	25.8	9.0		RefSeq:WP_007400691.1, SO:0001217, UniParc:UPI0001D321EC, UniRef:UniRef100_A0A070A529, UniRef:UniRef50_S6D6R2, UniRef:UniRef90_A0A070A529
contig_9	24254	24814	-	CENAFE_00650	19.6	12.0		
contig_3	2187	2708	-	CENAFE_00665	19.8	11.0		
contig_16	518	1102	+	CENAFE_00675	21.4	9.9		RefSeq:WP_223846566.1, SO:0001217, UniParc:UPI0007DD9F36, UniRef:UniRef100_A0A181CEL6, UniRef:UniRef50_A0A318Q4N5, UniRef:UniRef90_A0A318Q4N5
contig_16	1936	2430	+	CENAFE_00685	18.1	9.0		RefSeq:WP_078524628.1, SO:0001217, UniParc:UPI0007DD152F, UniRef:UniRef100_A0A181CEK1, UniRef:UniRef50_W5YLU4, UniRef:UniRef90_W5YLU4
contig_16	3367	3774	+	CENAFE_00695	14.8	9.8		RefSeq:WP_112210230.1, SO:0001217, UniParc:UPI0007DD9AE3, UniRef:UniRef100_A0A181CEP8, UniRef:UniRef50_G2I7V1, UniRef:UniRef90_G2I7V1
contig_16	4127	4429	-	CENAFE_00700	11.1	4.6		RefSeq:WP_102325775.1, SO:0001217, UniParc:UPI0007DDA56A, UniRef:UniRef100_A0A181CEG9, UniRef:UniRef50_A0A4P5NRR6, UniRef:UniRef90_A0A4P5NRR6
contig_16	4500	5180	-	CENAFE_00705	24.2	6.2		RefSeq:WP_010511735.1, SO:0001217, UniParc:UPI000237DD45, UniRef:UniRef100_A0A857FSB5, UniRef:UniRef50_G2I7U9, UniRef:UniRef90_G2I7U9
contig_16	8495	8929	-	CENAFE_00730	16.3	4.2		RefSeq:WP_112210258.1, SO:0001217, UniParc:UPI0007DD710C, UniRef:UniRef100_A0A181CEH8, UniRef:UniRef50_W5YEZ5, UniRef:UniRef90_W5YEZ5
contig_1	14963	15415	+	CENAFE_00835	16.2	5.5		RefSeq:WP_007399361.1, SO:0001217, UniParc:UPI000207F9AE, UniRef:UniRef100_A0A070A237, UniRef:UniRef50_A0A252AUZ1, UniRef:UniRef90_A0A070A237
contig_1	16867	17367	+	CENAFE_00850	17.5	10.1		RefSeq:WP_007399358.1, SO:0001217, UniParc:UPI000207F9AB, UniRef:UniRef100_A0A070A2N7, UniRef:UniRef50_G2I3I5, UniRef:UniRef90_A0A070A2N7
contig_1	19579	20046	+	CENAFE_00860	17.5	6.4		SO:0001217, UniParc:UPI000207F9A8, UniRef:UniRef100_A0A181C8P1, UniRef:UniRef50_W5Y715, UniRef:UniRef90_G2I3I3
contig_1	21386	21490	-	CENAFE_00870	3.6	4.2		SO:0001217, UniParc:UPI0007DCE168, UniRef:UniRef100_A0A181C8Q1, UniRef:UniRef50_A0A181C8Q1, UniRef:UniRef90_A0A181C8Q1
contig_1	22468	23628	+	CENAFE_00880	43.4	8.9		RefSeq:WP_007399350.1, SO:0001217, UniParc:UPI000207F9A3, UniRef:UniRef100_A0A2D3HFR2, UniRef:UniRef50_F1YQV4, UniRef:UniRef90_G2I3I0
contig_1	43086	43583	-	CENAFE_00970	16.9	8.6		RefSeq:WP_039999398.1, SO:0001217, UniParc:UPI0002D75CB5, UniRef:UniRef100_A0A2D3HFL9, UniRef:UniRef50_A0A070A3Q8, UniRef:UniRef90_A0A070A3Q8
contig_1	86374	86679	-	CENAFE_01170	11.9	8.9		SO:0001217, UniRef:UniRef50_A0A070A1U6, UniRef:UniRef90_A0A070A1U6
contig_1	87482	87976	-	CENAFE_01180	18.1	6.9		RefSeq:WP_007399276.1, SO:0001217, UniParc:UPI00020809BC, UniRef:UniRef100_A0A2D3HFS1, UniRef:UniRef50_G2I2W0, UniRef:UniRef90_G2I2W0
contig_1	92270	92725	-	CENAFE_01200	15.7	9.9		RefSeq:WP_007399272.1, SO:0001217, UniParc:UPI00020809B8, UniRef:UniRef100_A0A2D3HFJ5, UniRef:UniRef50_A9HJX9, UniRef:UniRef90_G2I2V6
contig_1	121699	121860	-	CENAFE_01320	6.0	8.0		RefSeq:WP_007399242.1, SO:0001217, UniParc:UPI00020808B3, UniRef:UniRef100_A0A181C8F4, UniRef:UniRef50_A0A181C8F4, UniRef:UniRef90_A0A181C8F4
contig_1	125680	126762	+	CENAFE_01345	37.9	9.6		RefSeq:WP_007399236.1, SO:0001217, UniParc:UPI00020808AD, UniRef:UniRef100_A0A2D3HFV0, UniRef:UniRef50_A9HK68, UniRef:UniRef90_A0A2D3HFV0
contig_1	148752	149903	+	CENAFE_01430	41.0	6.3	PF03022.19|MRJP	PFAM:PF03022.19, RefSeq:WP_039999361.1, SO:0001217, UniParc:UPI0002DEE342, UniRef:UniRef100_A0A2D3HG41, UniRef:UniRef50_A0A070A3D1, UniRef:UniRef90_A0A070A3D1
contig_1	155566	155715	-	CENAFE_01455	5.3	10.6		RefSeq:WP_007399212.1, SO:0001217, UniParc:UPI0002080791, UniRef:UniRef100_A0A181C8D1, UniRef:UniRef50_G2I2Q5, UniRef:UniRef90_A0A181C8D1
contig_1	181656	181760	+	CENAFE_01565	3.8	10.7		SO:0001217, UniParc:UPI0007DCCE52, UniRef:UniRef100_A0A181C895, UniRef:UniRef50_A0A181C895, UniRef:UniRef90_A0A181C895
contig_1	184229	184870	-	CENAFE_01585	22.9	10.3		RefSeq:WP_007399186.1, SO:0001217, UniParc:UPI0002080777, UniRef:UniRef100_A0A070A6L4, UniRef:UniRef50_G2I2N1, UniRef:UniRef90_G2I2N1
contig_1	191444	191671	+	CENAFE_01625	8.3	11.0		RefSeq:WP_166498127.1, SO:0001217, UniParc:UPI0002DF0CE1, UniRef:UniRef100_A0A2D3HFQ4, UniRef:UniRef50_G2I2M3, UniRef:UniRef90_A0A2D3HFQ4
contig_1	226536	226751	-	CENAFE_01805	7.0	8.0		RefSeq:WP_007399137.1, SO:0001217, UniParc:UPI0002080547, UniRef:UniRef100_A0A2D3HII5, UniRef:UniRef50_G2I2I7, UniRef:UniRef90_A0A2D3HII5
contig_1	238849	239202	-	CENAFE_01850	12.2	4.1		RefSeq:WP_007399121.1, SO:0001217, UniParc:UPI0002080537, UniRef:UniRef100_A0A2D3HG80, UniRef:UniRef50_G2I2H8, UniRef:UniRef90_A0A2D3HG80
contig_1	247157	247579	-	CENAFE_01890	15.5	4.4		SO:0001217, UniParc:UPI0007DD9B64, UniRef:UniRef100_A0A181C804, UniRef:UniRef50_A0A1Q3V0I5, UniRef:UniRef90_W5YD57
contig_1	250586	250930	+	CENAFE_01905	12.0	4.9		RefSeq:WP_007399107.1, SO:0001217, UniParc:UPI0002080529, UniRef:UniRef100_A0A2D3HG12, UniRef:UniRef50_G2I210, UniRef:UniRef90_G2I210
contig_1	274943	275590	-	CENAFE_02010	23.6	7.9		RefSeq:WP_007399077.1, SO:0001217, UniParc:UPI0002080411, UniRef:UniRef100_A0A2D3HGE0, UniRef:UniRef50_G2I1Y8, UniRef:UniRef90_A0A070A4L4
contig_1	290120	290479	-	CENAFE_02055	11.9	6.6		RefSeq:WP_007399064.1, SO:0001217, UniParc:UPI0002080404, UniRef:UniRef100_A0A2D3HFZ7, UniRef:UniRef50_W5Y574, UniRef:UniRef90_A0A070A4Z4
contig_1	327467	327922	-	CENAFE_02220	15.6	5.3		RefSeq:WP_223846625.1, SO:0001217, UniParc:UPI0007DD35BC, UniRef:UniRef100_A0A2D3HIN0, UniRef:UniRef50_A0A347W979, UniRef:UniRef90_G2I1U7
contig_1	333195	333659	-	CENAFE_02245	15.8	9.1		RefSeq:WP_034928999.1, SO:0001217, UniParc:UPI0002DC84D0, UniRef:UniRef100_A0A2D3HGF4, UniRef:UniRef50_W5Y543, UniRef:UniRef90_A0A2D3HGF4
contig_1	343486	345360	+	CENAFE_02295	67.4	5.9		SO:0001217, UniParc:UPI0007DDB0BA, UniRef:UniRef100_A0A2D3HGJ0, UniRef:UniRef50_A0A1D8UWS9, UniRef:UniRef90_G2I1T3
contig_1	345476	345823	+	CENAFE_02300	12.9	7.0		SO:0001217, UniParc:UPI00020801DD, UniRef:UniRef100_A0A181C7S6, UniRef:UniRef50_G2I1T2, UniRef:UniRef90_G2I1T2
contig_1	355232	355372	-	CENAFE_02345	5.2	9.8		
contig_1	378665	379195	+	CENAFE_02445	17.5	8.7		RefSeq:WP_083824470.1, SO:0001217, UniParc:UPI0002DCC072, UniRef:UniRef100_A0A2D3HIH3, UniRef:UniRef50_W5Y503, UniRef:UniRef90_A0A070A4R6
contig_1	391864	392343	+	CENAFE_02490	16.0	9.7		RefSeq:WP_034928908.1, SO:0001217, UniParc:UPI0003068AC8, UniRef:UniRef100_A0A2D3HGJ3, UniRef:UniRef50_A0A5C1YNQ6, UniRef:UniRef90_A0A2D3HGJ3
contig_1	416852	417433	+	CENAFE_02605	21.1	7.8		RefSeq:WP_039999238.1, SO:0001217, UniParc:UPI0003131001, UniRef:UniRef100_A0A2D3HGB4, UniRef:UniRef50_G2I1M2, UniRef:UniRef90_A0A070A493
contig_1	437514	437666	-	CENAFE_02690	5.2	5.6		RefSeq:WP_157772014.1, SO:0001217, UniParc:UPI0002FB6DFD, UniRef:UniRef100_A0A181C7M7, UniRef:UniRef50_A0A181C7M7, UniRef:UniRef90_A0A181C7M7
contig_1	440317	440796	-	CENAFE_02705	17.8	10.1		SO:0001217, UniRef:UniRef50_A0A181C8W7, UniRef:UniRef90_A0A181C8W7
contig_1	445485	446153	-	CENAFE_02725	25.8	8.7		RefSeq:WP_007398900.1, SO:0001217, UniParc:UPI000207FF9E, UniRef:UniRef100_A0A2D3HGB9, UniRef:UniRef50_G2I1H9, UniRef:UniRef90_A0A2D3HGB9
contig_1	446793	448361	+	CENAFE_02730	59.1	6.4		RefSeq:WP_007398898.1, SO:0001217, UniParc:UPI000207FF9C, UniRef:UniRef100_A0A2D3HGD6, UniRef:UniRef50_G2I1H8, UniRef:UniRef90_A0A070A404
contig_1	450128	450403	-	CENAFE_02745	9.5	7.9		RefSeq:WP_007398895.1, SO:0001217, UniParc:UPI000207FE9E, UniRef:UniRef100_A0A2D3HGQ8, UniRef:UniRef50_W5YC01, UniRef:UniRef90_A0A2D3HGQ8
contig_1	450431	450586	-	CENAFE_02750	5.9	11.2		RefSeq:WP_007398894.1, SO:0001217, UniParc:UPI000207FE9D, UniRef:UniRef100_A0A181C7N9, UniRef:UniRef50_W5YBT8, UniRef:UniRef90_A0A181C7N9
contig_1	450608	450892	-	CENAFE_02755	10.4	8.3		SO:0001217, UniParc:UPI0005874208, UniRef:UniRef100_A0A2D3HIM5, UniRef:UniRef50_G2I1H3, UniRef:UniRef90_G2I1H3
contig_1	451743	454229	+	CENAFE_02765	93.3	5.9		SO:0001217, UniParc:UPI0007DD69DB, UniRef:UniRef100_A0A2D3HGG2, UniRef:UniRef50_A0A2D3HGF3, UniRef:UniRef90_A0A2D3HGF3
contig_1	460421	461056	+	CENAFE_02785	23.5	7.6	PF00440.26|TetR_N	PFAM:PF00440.26
contig_1	461351	461683	-	CENAFE_02790	12.0	10.3		SO:0001217, UniParc:UPI0007DD6D36, UniRef:UniRef100_A0A181C7M5, UniRef:UniRef50_A0A2D3HGR6, UniRef:UniRef90_A0A2D3HGR6
contig_1	469276	469458	-	CENAFE_02835	6.5	4.6		RefSeq:WP_007398871.1, SO:0001217, UniParc:UPI000207FE86, UniRef:UniRef100_A0A2D3HGF5, UniRef:UniRef50_A0A2D3HGF5, UniRef:UniRef90_A0A2D3HGF5
contig_1	471469	471801	-	CENAFE_02850	11.9	10.2		SO:0001217, UniParc:UPI00068379FE, UniRef:UniRef100_A0A181CEG1, UniRef:UniRef50_A0A181CEG1, UniRef:UniRef90_A0A181CEG1
contig_1	471759	472052	-	CENAFE_02855	10.6	6.8		SO:0001217, UniParc:UPI0007DD8697, UniRef:UniRef100_A0A181CEH2, UniRef:UniRef50_A0A181CEH2, UniRef:UniRef90_A0A181CEH2
contig_1	472281	472691	-	CENAFE_02865	14.8	10.5		SO:0001217, UniParc:UPI0007DD08FB, UniRef:UniRef100_A0A181CEI8, UniRef:UniRef50_A0A181CEI8, UniRef:UniRef90_A0A181CEI8
contig_1	475608	476483	-	CENAFE_02880	33.1	6.7		SO:0001217, UniParc:UPI000586D6F0, UniRef:UniRef100_A0A181CEG7, UniRef:UniRef50_A0A858JRN5, UniRef:UniRef90_A0A858JRN5
contig_1	479733	480530	+	CENAFE_02905	31.1	4.8		RefSeq:WP_039999214.1, SO:0001217, UniParc:UPI00058697AB, UniRef:UniRef100_A0A181C667, UniRef:UniRef50_A0A0B1ZIY1, UniRef:UniRef90_A0A181C667
contig_1	506142	506645	+	CENAFE_03060	18.9	4.7	PF10722.12|YbjN	COG:COG5465, COG:R, PFAM:PF10722.12, RefSeq:WP_014106114.1, SO:0001217, UniParc:UPI0002294931, UniRef:UniRef100_A0A2D3HGJ6, UniRef:UniRef50_Q2RP70, UniRef:UniRef90_W5YCT1
contig_1	513350	513619	+	CENAFE_03100	10.4	9.2		RefSeq:WP_172459697.1, SO:0001217, UniParc:UPI0007DD37D8, UniRef:UniRef100_A0A181C7A2, UniRef:UniRef50_A0A0M0EGB9, UniRef:UniRef90_A0A181C7A2
contig_1	526354	526584	-	CENAFE_03170	8.4	4.8		RefSeq:WP_007398803.1, SO:0001217, UniParc:UPI000207FBDF, UniRef:UniRef100_A0A2D3HGU0, UniRef:UniRef50_A0A347W9N1, UniRef:UniRef90_G2I0Y9
contig_1	534213	534980	+	CENAFE_03210	27.4	7.8		RefSeq:WP_007398794.1, SO:0001217, UniParc:UPI000207FBD6, UniRef:UniRef100_A0A2D3HGK5, UniRef:UniRef50_G2I0Y1, UniRef:UniRef90_A0A070A3D8
contig_1	535061	535567	-	CENAFE_03215	18.8	9.3		RefSeq:WP_039999175.1, SO:0001217, UniParc:UPI0002FC2B12, UniRef:UniRef100_A0A2D3HIJ3, UniRef:UniRef50_A0A2D3HIJ3, UniRef:UniRef90_A0A2D3HIJ3
contig_1	535875	536096	+	CENAFE_03220	8.0	8.6		RefSeq:WP_034927156.1, SO:0001217, UniParc:UPI00030CB9A8, UniRef:UniRef100_A0A2D3HGH4, UniRef:UniRef50_A0A7W4IZ74, UniRef:UniRef90_A0A2D3HGH4
contig_1	542590	544578	+	CENAFE_03250	73.1	5.3		RefSeq:WP_146750199.1, SO:0001217, UniParc:UPI0007E19011, UniRef:UniRef100_A0A181C535, UniRef:UniRef50_A0A181C535, UniRef:UniRef90_A0A181C535
contig_1	544818	545042	-	CENAFE_03260	8.3	9.2		
contig_1	549397	550956	+	CENAFE_03290	58.1	8.9	PF13005.10|zf-IS66	PFAM:PF13005.10
contig_1	552774	554510	+	CENAFE_03305	65.4	9.9		RefSeq:WP_112209677.1, SO:0001217, UniParc:UPI0007E1E0CA, UniRef:UniRef100_A0A181C502, UniRef:UniRef50_A0A181C502, UniRef:UniRef90_A0A181C502
contig_1	558528	558734	-	CENAFE_03325	8.1	10.0		SO:0001217, UniParc:UPI000207FCAA, UniRef:UniRef100_A0A181C766, UniRef:UniRef50_A0A070A3Z1, UniRef:UniRef90_A0A070A3Z1
contig_1	565518	565730	-	CENAFE_03355	7.7	10.7		RefSeq:WP_007396870.1, SO:0001217, UniParc:UPI000207FCB0, UniRef:UniRef100_A0A2D3HGK8, UniRef:UniRef50_A0A2D3HGK8, UniRef:UniRef90_A0A2D3HGK8
contig_1	566170	566880	+	CENAFE_03360	25.4	5.6		SO:0001217, UniRef:UniRef50_A0A0D6Q5Z2, UniRef:UniRef90_A0A070AA27
contig_1	567114	567287	-	CENAFE_03365	6.5	12.0		RefSeq:WP_166498085.1, SO:0001217, UniParc:UPI000308B351, UniRef:UniRef100_A0A2D3HGM7, UniRef:UniRef50_A0A2D3HGM7, UniRef:UniRef90_A0A2D3HGM7
contig_1	568226	568510	+	CENAFE_03375	9.9	5.6		RefSeq:WP_007396877.1, SO:0001217, UniParc:UPI000207FDD8, UniRef:UniRef100_A0A2D3HGJ9, UniRef:UniRef50_A0A070A513, UniRef:UniRef90_A0A070A513
contig_1	569917	571263	+	CENAFE_03390	48.4	6.0		RefSeq:WP_007396880.1, SO:0001217, UniParc:UPI000207FDDB, UniRef:UniRef100_A0A2D3HGP1, UniRef:UniRef50_D5QBH8, UniRef:UniRef90_G2I0R1
contig_1	582453	582716	-	CENAFE_03460	9.5	4.4		RefSeq:WP_034927110.1, SO:0001217, UniParc:UPI0002D886AA, UniRef:UniRef100_A0A2D3HGQ5, UniRef:UniRef50_W5YCB8, UniRef:UniRef90_A0A2D3HGQ5
contig_1	582773	583189	+	CENAFE_03465	14.1	6.4		RefSeq:WP_223846611.1, SO:0001217, UniParc:UPI0007DDBEF7, UniRef:UniRef100_A0A181C712, UniRef:UniRef50_G2I0P8, UniRef:UniRef90_A0A070A396
contig_1	590825	591460	-	CENAFE_03510	22.7	5.4		RefSeq:WP_007396907.1, SO:0001217, UniParc:UPI000207FDF6, UniRef:UniRef100_A0A181C702, UniRef:UniRef50_A0A365YXN3, UniRef:UniRef90_A0A070A4W6
contig_1	610805	611086	+	CENAFE_03610	10.5	11.7		RefSeq:WP_039998481.1, SO:0001217, UniParc:UPI0002EEDC74, UniRef:UniRef100_A0A2D3HGR8, UniRef:UniRef50_A0A511X791, UniRef:UniRef90_W5YCF0
contig_1	613261	613857	+	CENAFE_03620	20.9	5.8		RefSeq:WP_223846609.1, SO:0001217, UniParc:UPI001CC2C752, UniRef:UniRef100_UPI001CC2C752, UniRef:UniRef50_A0A371YWC0, UniRef:UniRef90_UPI001CC2C752
contig_1	623749	624102	-	CENAFE_03665	12.3	8.8		
contig_1	630205	630432	+	CENAFE_03700	8.5	5.8		RefSeq:WP_007396949.1, SO:0001217, UniParc:UPI000207FF47, UniRef:UniRef100_A0A2D3HH22, UniRef:UniRef50_A0A023D5U5, UniRef:UniRef90_W5YCX9
contig_1	642446	643633	-	CENAFE_03770	40.7	9.3		RefSeq:WP_223846607.1, SO:0001217, UniParc:UPI000317C7C5, UniRef:UniRef100_A0A2D3HH32, UniRef:UniRef50_A0A0M0EGB5, UniRef:UniRef90_A0A070A9S2
contig_1	652196	652576	-	CENAFE_03795	12.9	9.3		RefSeq:WP_007396972.1, SO:0001217, UniParc:UPI000208004E, UniRef:UniRef100_A0A2D3HGT5, UniRef:UniRef50_A0A347W9Y4, UniRef:UniRef90_A0A2D3HGT5
contig_1	671655	672503	-	CENAFE_03885	30.9	4.8		RefSeq:WP_007396995.1, SO:0001217, UniParc:UPI0002080065, UniRef:UniRef100_A0A2D3HH68, UniRef:UniRef50_A0A318PI42, UniRef:UniRef90_A0A070A9P7
contig_1	672500	673012	-	CENAFE_03890	18.7	11.0		SO:0001217, UniParc:UPI0007DD6D03, UniRef:UniRef100_A0A2D3HH51, UniRef:UniRef50_W5YD50, UniRef:UniRef90_A0A070A326
contig_1	676001	676120	+	CENAFE_03905	4.2	11.7		SO:0001217, UniParc:UPI000208015E, UniRef:UniRef100_A0A181C6T9, UniRef:UniRef50_A0A181C6T9, UniRef:UniRef90_A0A181C6T9
contig_1	678199	678597	-	CENAFE_03915	14.2	5.6		RefSeq:WP_007397002.1, SO:0001217, UniParc:UPI0002080161, UniRef:UniRef100_A0A2D3HGY4, UniRef:UniRef50_A0A070A9P0, UniRef:UniRef90_A0A070A9P0
contig_1	713608	713943	+	CENAFE_04065	10.9	9.9		SO:0001217, UniParc:UPI000C1B4459, UniRef:UniRef100_A0A2D3HGZ5, UniRef:UniRef50_A0A347WA71, UniRef:UniRef90_A0A070A491
contig_1	731432	732769	-	CENAFE_04170	47.0	8.8		SO:0001217, UniParc:UPI000208029B, UniRef:UniRef100_A0A181C6P8, UniRef:UniRef50_A0A0D6MGR6, UniRef:UniRef90_A0A0D6Q4W7
contig_1	733719	734069	-	CENAFE_04180	12.9	11.5		SO:0001217, UniParc:UPI0002F57186, UniRef:UniRef100_A0A070A5C2, UniRef:UniRef50_W5YCU7, UniRef:UniRef90_A0A070A5C2
contig_1	745723	745872	+	CENAFE_04225	5.0	6.0		SO:0001217, UniParc:UPI0007DCD60B, UniRef:UniRef100_A0A181C6M3, UniRef:UniRef50_A0A181C6M3, UniRef:UniRef90_A0A181C6M3
contig_1	747317	747448	+	CENAFE_04240	4.7	12.0		
contig_1	754822	755463	+	CENAFE_04275	21.8	6.2		RefSeq:WP_172459740.1, SO:0001217, UniParc:UPI0002DDB686, UniRef:UniRef100_A0A181C6L6, UniRef:UniRef50_G2I092, UniRef:UniRef90_G2I092
contig_1	756846	757787	+	CENAFE_04285	34.0	6.0		RefSeq:WP_007397089.1, SO:0001217, UniParc:UPI0002080397, UniRef:UniRef100_A0A2D3HGY8, UniRef:UniRef50_G2I090, UniRef:UniRef90_G2I090
contig_1	777758	778270	+	CENAFE_04375	17.5	6.0		RefSeq:WP_223846599.1, SO:0001217, UniParc:UPI000319D187, UniRef:UniRef100_A0A2D3HH43, UniRef:UniRef50_A0A7U7QA94, UniRef:UniRef90_A0A2D3HH43
contig_1	779479	779616	-	CENAFE_04385	5.0	12.0		RefSeq:WP_166498083.1, SO:0001217, UniParc:UPI000315C444, UniRef:UniRef100_A0A181C6I4, UniRef:UniRef50_A0A0M0EJW4, UniRef:UniRef90_A0A181C6I4
contig_1	781564	781920	+	CENAFE_04395	12.6	9.8		RefSeq:WP_034926809.1, SO:0001217, UniParc:UPI000318B73E, UniRef:UniRef100_A0A2D3HHD6, UniRef:UniRef50_A0A2D3HHD6, UniRef:UniRef90_A0A2D3HHD6
contig_1	784001	784285	+	CENAFE_04415	10.8	11.0		RefSeq:WP_007397123.1, SO:0001217, UniParc:UPI00020804B1, UniRef:UniRef100_A0A2D3HH97, UniRef:UniRef50_A0A839UV07, UniRef:UniRef90_A0A2D3HH97
contig_1	784341	785870	-	CENAFE_04420	56.7	6.9		SO:0001217, UniRef:UniRef50_A0A2D3HIM2, UniRef:UniRef90_A0A2D3HIM2
contig_1	795964	797259	+	CENAFE_04455	47.0	9.4		RefSeq:WP_007397133.1, SO:0001217, UniParc:UPI00020804BB, UniRef:UniRef100_A0A2D3HHF2, UniRef:UniRef50_A0A070AA81, UniRef:UniRef90_A0A070AA81
contig_1	797355	798614	+	CENAFE_04460	46.7	8.9		RefSeq:WP_223846598.1, SO:0001217, UniParc:UPI0002F2C05A, UniRef:UniRef100_A0A2D3HH76, UniRef:UniRef50_A0A070A3M2, UniRef:UniRef90_A0A070A3M2
contig_1	808813	808950	+	CENAFE_04520	4.7	6.8		RefSeq:WP_007397149.1, SO:0001217, UniParc:UPI00020804CB, UniRef:UniRef100_A0A181C6J8, UniRef:UniRef50_W5YCS8, UniRef:UniRef90_A0A181C6J8
contig_1	810079	812187	-	CENAFE_04530	74.4	6.5		RefSeq:WP_007397151.1, SO:0001217, UniParc:UPI00020804CD, UniRef:UniRef100_A0A2D3HH33, UniRef:UniRef50_A0A1U9KQA5, UniRef:UniRef90_G2I052
contig_1	852646	852810	+	CENAFE_04690	6.2	7.0		
contig_1	854187	854282	+	CENAFE_04700	3.8	9.5		SO:0001217, UniParc:UPI0007DCEB5C, UniRef:UniRef100_A0A181C6E1, UniRef:UniRef50_A0A181C6E1, UniRef:UniRef90_A0A181C6E1
contig_1	856048	856191	-	CENAFE_04710	5.2	4.9		
contig_1	866156	866704	-	CENAFE_04755	20.4	9.6		SO:0001217, UniRef:UniRef50_A0A070AB12, UniRef:UniRef90_A0A070AB12
contig_1	867331	867471	-	CENAFE_04765	5.1	6.8		RefSeq:WP_167331781.1, SO:0001217, UniParc:UPI0007DDD9BE, UniRef:UniRef100_A0A181C6B9, UniRef:UniRef50_A0A0D6PX20, UniRef:UniRef90_A0A181C6B9
contig_1	893575	894060	+	CENAFE_04885	18.2	9.5		RefSeq:WP_007397238.1, SO:0001217, UniParc:UPI000208081A, UniRef:UniRef100_A0A2D3HHE9, UniRef:UniRef50_G2HZW0, UniRef:UniRef90_G2HZW0
contig_1	900873	901076	-	CENAFE_04920	7.4	5.5		RefSeq:WP_007397246.1, SO:0001217, UniParc:UPI0002080822, UniRef:UniRef100_A0A2D3HHA4, UniRef:UniRef50_S5XX24, UniRef:UniRef90_W5YKK7
contig_1	903626	903886	+	CENAFE_04935	9.8	11.8		
contig_1	918106	918924	+	CENAFE_05030	27.6	6.5		SO:0001217, UniParc:UPI0007DDB1DB, UniRef:UniRef100_A0A2D3HHE6, UniRef:UniRef50_W5YDM2, UniRef:UniRef90_A0A2D3HHE6
contig_1	925337	927103	-	CENAFE_05075	61.4	6.4		SO:0001217, UniParc:UPI0002F10FBD, UniRef:UniRef100_A0A070AAR0, UniRef:UniRef50_A0A149Q356, UniRef:UniRef90_A0A070AAR0
contig_1	927551	927811	-	CENAFE_05080	9.7	9.5		RefSeq:WP_007397279.1, SO:0001217, UniParc:UPI0002080938, UniRef:UniRef100_A0A2D3HHB5, UniRef:UniRef50_D5QAI3, UniRef:UniRef90_A0A2D3HHB5
contig_1	951326	953191	+	CENAFE_05185	65.6	6.9		RefSeq:WP_223846555.1, SO:0001217, UniParc:UPI0007DD7328, UniRef:UniRef100_A0A181CE54, UniRef:UniRef50_A0A318PVB3, UniRef:UniRef90_A0A2D3HHK5
contig_1	971581	972810	-	CENAFE_05275	43.0	7.9		
contig_1	978679	978921	+	CENAFE_05310	8.4	5.6		SO:0001217, UniParc:UPI0007DE1826, UniRef:UniRef100_A0A181CED1, UniRef:UniRef50_A0A181CED1, UniRef:UniRef90_A0A181CED1
contig_1	982367	982792	-	CENAFE_05335	15.4	10.9		RefSeq:WP_007397339.1, SO:0001217, UniParc:UPI0002080A5D, UniRef:UniRef100_A0A2D3HHQ4, UniRef:UniRef50_G2I7L2, UniRef:UniRef90_G2I7L2
contig_1	982833	983090	-	CENAFE_05340	9.2	9.6		RefSeq:WP_007397340.1, SO:0001217, UniParc:UPI0002080A5E, UniRef:UniRef100_A0A2D3HHJ9, UniRef:UniRef50_G2I7L1, UniRef:UniRef90_G2I7L1
contig_1	985383	985847	+	CENAFE_05355	15.9	9.2		RefSeq:WP_007397343.1, SO:0001217, UniParc:UPI0002080A61, UniRef:UniRef100_A0A2D3HHH0, UniRef:UniRef50_A0A1U9RLH9, UniRef:UniRef90_A0A070A8J8
contig_1	1015811	1016500	+	CENAFE_05505	25.8	9.1		RefSeq:WP_146750197.1, SO:0001217, UniParc:UPI0007DF5126, UniRef:UniRef100_A0A181C533, UniRef:UniRef50_A0A181C533, UniRef:UniRef90_A0A181C533
contig_1	1016606	1016761	-	CENAFE_05510	5.5	5.5		SO:0001217, UniParc:UPI0007DF2F74, UniRef:UniRef100_A0A181C515, UniRef:UniRef50_A0A181C515, UniRef:UniRef90_A0A181C515
contig_1	1028833	1029732	-	CENAFE_05580	35.3	8.9		RefSeq:WP_146750202.1, SO:0001217, UniParc:UPI0007E12EFD, UniRef:UniRef100_A0A858JIK9, UniRef:UniRef50_A0A858JIK9, UniRef:UniRef90_A0A858JIK9
contig_1	1031170	1032705	-	CENAFE_05590	57.7	8.8		RefSeq:WP_139064268.1, SO:0001217, UniParc:UPI0002F32AA2, UniRef:UniRef100_A0A181C5W1, UniRef:UniRef50_A0A0Q5GWY2, UniRef:UniRef90_A0A181C5W1
contig_1	1043243	1043518	+	CENAFE_05645	10.3	10.8		SO:0001217, UniRef:UniRef50_A0A2T0WDD5, UniRef:UniRef90_A0A1Y0V934
contig_1	1057861	1058478	-	CENAFE_05710	21.5	9.8		RefSeq:WP_039998604.1, SO:0001217, UniParc:UPI000586B3F1, UniRef:UniRef100_A0A2D3HHK0, UniRef:UniRef50_A0A0M0EJG6, UniRef:UniRef90_A0A070A6Z3
contig_1	1058579	1059382	-	CENAFE_05715	28.6	7.0		RefSeq:WP_039998569.1, SO:0001217, UniParc:UPI0002DA39B6, UniRef:UniRef100_A0A2D3HAC4, UniRef:UniRef50_B5ZGB6, UniRef:UniRef90_A0A070A8T6
contig_1	1059949	1060113	+	CENAFE_05720	6.0	9.2		RefSeq:WP_166498161.1, SO:0001217, UniParc:UPI0007DDDFA9, UniRef:UniRef100_A0A2D3HAD1, UniRef:UniRef50_A0A2D3HAD1, UniRef:UniRef90_A0A2D3HAD1
contig_1	1060426	1060989	+	CENAFE_05725	19.8	6.3		SO:0001217, UniParc:UPI0007DD6810, UniRef:UniRef100_A0A2D3HA61, UniRef:UniRef50_W5YC38, UniRef:UniRef90_A0A070A752
contig_1	1061110	1061361	-	CENAFE_05730	9.2	9.2		RefSeq:WP_034930030.1, SO:0001217, UniParc:UPI0002DC27C3, UniRef:UniRef100_A0A2D3HA48, UniRef:UniRef50_W5Y5B8, UniRef:UniRef90_A0A2D3HA48
contig_1	1064886	1065434	-	CENAFE_05745	20.2	9.8		RefSeq:WP_039998606.1, SO:0001217, UniParc:UPI000586EAC9, UniRef:UniRef100_A0A2D3HA86, UniRef:UniRef50_D5QGF9, UniRef:UniRef90_A0A070A8T9
contig_1	1066204	1067226	+	CENAFE_05750	36.8	6.9		SO:0001217, UniParc:UPI000207FA5D, UniRef:UniRef100_A0A2D3HA51, UniRef:UniRef50_A0A070ADM5, UniRef:UniRef90_A0A070ADM5
contig_1	1074001	1076691	-	CENAFE_05785	98.9	6.6		RefSeq:WP_039998571.1, SO:0001217, UniParc:UPI0002F0D54A, UniRef:UniRef100_A0A2D3HA70, UniRef:UniRef50_A0A070A7K7, UniRef:UniRef90_A0A070A7K7
contig_1	1089912	1090097	-	CENAFE_05845	6.6	9.0		RefSeq:WP_167331785.1, SO:0001217, UniParc:UPI0004D40366, UniRef:UniRef100_A0A070A8U9, UniRef:UniRef50_A0A070A8U9, UniRef:UniRef90_A0A070A8U9
contig_1	1095614	1095937	+	CENAFE_05880	12.0	7.7		RefSeq:WP_034931033.1, SO:0001217, UniParc:UPI0002D7C8DB, UniRef:UniRef100_A0A070A8G3, UniRef:UniRef50_A0A0D6Q766, UniRef:UniRef90_A0A070A8G3
contig_1	1097803	1098438	+	CENAFE_05890	23.5	6.0		RefSeq:WP_034931027.1, SO:0001217, UniParc:UPI0004D88AB7, UniRef:UniRef100_A0A070A844, UniRef:UniRef50_W5Y4I3, UniRef:UniRef90_A0A070A844
contig_1	1098718	1098825	-	CENAFE_05895	3.8	4.6		SO:0001217, UniParc:UPI0007DD3E8F, UniRef:UniRef100_A0A858JND6, UniRef:UniRef50_G2I7E1, UniRef:UniRef90_A0A858JND6
contig_1	1102694	1103032	+	CENAFE_05920	11.9	6.1		RefSeq:WP_034931077.1, SO:0001217, UniParc:UPI00030ECDF9, UniRef:UniRef100_A0A2D3HHR0, UniRef:UniRef50_W5Y4J3, UniRef:UniRef90_A0A2D3HHR0
contig_1	1103159	1103368	-	CENAFE_05925	7.6	9.3		RefSeq:WP_007397474.1, SO:0001217, UniParc:UPI000207FB91, UniRef:UniRef100_A0A2D3HHQ1, UniRef:UniRef50_G2I7C7, UniRef:UniRef90_G2I7C7
contig_1	1106659	1107654	-	CENAFE_05940	37.3	6.8		RefSeq:WP_007397478.1, SO:0001217, UniParc:UPI000207FCB5, UniRef:UniRef100_A0A2D3HAI4, UniRef:UniRef50_G2I7C4, UniRef:UniRef90_A0A2D3HAI4
contig_1	1114705	1115337	-	CENAFE_05980	23.6	6.8		RefSeq:WP_223846551.1, SO:0001217, UniParc:UPI0007DE046B, UniRef:UniRef100_A0A2D3HAD0, UniRef:UniRef50_G2I7B7, UniRef:UniRef90_G2I7B7
contig_1	1128416	1129441	-	CENAFE_06030	38.3	6.5		SO:0001217, UniParc:UPI000207FCCC, UniRef:UniRef100_A0A2D3HAF2, UniRef:UniRef50_A0A2D3HAF2, UniRef:UniRef90_A0A2D3HAF2
contig_1	1136115	1136618	+	CENAFE_06070	17.3	7.0		RefSeq:WP_007397514.1, SO:0001217, UniParc:UPI000207FCD9, UniRef:UniRef100_A0A181CDT4, UniRef:UniRef50_G2I733, UniRef:UniRef90_A0A181CDT4
contig_1	1137736	1137966	+	CENAFE_06080	8.1	11.8		RefSeq:WP_172459733.1, SO:0001217, UniParc:UPI0003149169, UniRef:UniRef100_A0A070AEI2, UniRef:UniRef50_G2I731, UniRef:UniRef90_A0A070AEI2
contig_1	1138124	1138750	+	CENAFE_06085	22.9	5.4		RefSeq:WP_034931744.1, SO:0001217, UniParc:UPI0004D75232, UniRef:UniRef100_A0A070A8E0, UniRef:UniRef50_W5YCG7, UniRef:UniRef90_A0A070A8E0
contig_1	1146202	1146597	-	CENAFE_06120	14.8	5.5		RefSeq:WP_007397527.1, SO:0001217, UniParc:UPI000207FE08, UniRef:UniRef100_A0A2D3HAB9, UniRef:UniRef50_G2I723, UniRef:UniRef90_G2I723
contig_1	1148656	1148757	-	CENAFE_06135	3.6	12.0		SO:0001217, UniParc:UPI0007DDAE20, UniRef:UniRef100_A0A181CDZ0, UniRef:UniRef50_A0A347WB27, UniRef:UniRef90_A0A181CDZ0
contig_1	1148924	1149109	+	CENAFE_06140	6.8	11.6		RefSeq:WP_007397531.1, SO:0001217, UniParc:UPI000207FE0C, UniRef:UniRef100_A0A2D3HAB6, UniRef:UniRef50_G2I720, UniRef:UniRef90_A0A2D3HAB6
contig_1	1149507	1150058	+	CENAFE_06150	21.3	12.0		
contig_1	1149998	1150174	-	CENAFE_06155	6.1	6.1		RefSeq:WP_007397533.1, SO:0001217, UniParc:UPI000207FE0E, UniRef:UniRef100_A0A181CDT2, UniRef:UniRef50_W5Y4R7, UniRef:UniRef90_A0A181CDT2
contig_1	1150912	1151073	-	CENAFE_06165	6.1	5.8		RefSeq:WP_007397536.1, SO:0001217, UniParc:UPI000207FE11, UniRef:UniRef100_A0A181CDU0, UniRef:UniRef50_W5YCI0, UniRef:UniRef90_A0A181CDU0
contig_1	1151291	1151467	+	CENAFE_06170	6.4	5.0		RefSeq:WP_007397537.1, SO:0001217, UniParc:UPI000207FE12, UniRef:UniRef100_A0A181CDR4, UniRef:UniRef50_W5Y5R5, UniRef:UniRef90_A0A181CDR4
contig_1	1151480	1151599	-	CENAFE_06175	4.4	8.0		SO:0001217, UniParc:UPI0002F231C7, UniRef:UniRef100_A0A181CDT7, UniRef:UniRef50_A0A0M0EG27, UniRef:UniRef90_A0A181CDT7
contig_1	1151824	1152015	+	CENAFE_06180	6.5	9.3		RefSeq:WP_034931712.1, SO:0001217, UniParc:UPI0002F8105D, UniRef:UniRef100_A0A2D3HAD6, UniRef:UniRef50_G2I714, UniRef:UniRef50_W5Y4P2, UniRef:UniRef90_A0A347WB36, UniRef:UniRef90_W5Y4P2
contig_1	1152050	1152223	-	CENAFE_06185	5.2	4.4		RefSeq:WP_007397540.1, SO:0001217, UniParc:UPI000207FE15, UniRef:UniRef100_A0A181CDY1, UniRef:UniRef50_G2I713, UniRef:UniRef90_A0A181CDY1
contig_1	1152671	1153147	+	CENAFE_06190	16.9	7.8		RefSeq:WP_007397541.1, SO:0001217, UniParc:UPI000207FE16, UniRef:UniRef100_A0A070A8E9, UniRef:UniRef50_A0A1U9RN70, UniRef:UniRef90_A0A070A8E9
contig_1	1153325	1154242	-	CENAFE_06195	32.6	5.8		RefSeq:WP_099963284.1, SO:0001217, UniParc:UPI0002F74ED5, UniRef:UniRef100_A0A2D3HHR9, UniRef:UniRef50_W5Y4P5, UniRef:UniRef90_A0A070A7Q3
contig_1	1154598	1155209	+	CENAFE_06200	21.5	5.1		RefSeq:WP_007397545.1, SO:0001217, UniParc:UPI000207FE1A, UniRef:UniRef100_A0A181CDS0, UniRef:UniRef50_D5QIH3, UniRef:UniRef90_A0A181CDS0
contig_1	1155341	1155865	+	CENAFE_06205	18.5	8.9		RefSeq:WP_007397547.1, SO:0001217, UniParc:UPI000207FE1C, UniRef:UniRef100_A0A2D3HHL7, UniRef:UniRef50_A0A371Z389, UniRef:UniRef90_A0A2D3HHL7
contig_1	1155911	1156090	-	CENAFE_06210	6.5	11.8		RefSeq:WP_034931719.1, SO:0001217, UniParc:UPI0004DAC781, UniRef:UniRef100_A0A2D3HAJ7, UniRef:UniRef50_A0A0M0EG18, UniRef:UniRef90_A0A2D3HAJ7
contig_1	1160630	1161088	+	CENAFE_06225	16.4	5.9		RefSeq:WP_223846547.1, SO:0001217, UniParc:UPI0007DD5485, UniRef:UniRef100_A0A2D3HAD3, UniRef:UniRef50_G2I702, UniRef:UniRef90_A0A070A802
contig_1	1162425	1162760	-	CENAFE_06240	12.0	8.7		RefSeq:WP_007397555.1, SO:0001217, UniParc:UPI000207FE24, UniRef:UniRef100_A0A181CDP6, UniRef:UniRef50_A0A371Z394, UniRef:UniRef90_A0A181CDP6
contig_1	1164265	1164762	-	CENAFE_06255	18.5	6.2		RefSeq:WP_007397559.1, SO:0001217, UniParc:UPI000207FE28, UniRef:UniRef100_A0A181CDR2, UniRef:UniRef50_W5Y5X4, UniRef:UniRef90_A0A070AEK7
contig_1	1164974	1165201	+	CENAFE_06260	8.3	11.8		RefSeq:WP_034931731.1, SO:0001217, UniParc:UPI0002DA9211, UniRef:UniRef100_A0A2D3HAM8, UniRef:UniRef50_A0A2D3HAM8, UniRef:UniRef90_A0A2D3HAM8
contig_1	1194593	1194970	-	CENAFE_06405	13.9	8.7		SO:0001217, UniParc:UPI0007DDC3FA, UniRef:UniRef100_A0A181CD93, UniRef:UniRef50_A0A181CD93, UniRef:UniRef90_A0A181CD93
contig_1	1195086	1195241	+	CENAFE_06410	6.0	7.8		SO:0001217, UniRef:UniRef50_A0A858JL41, UniRef:UniRef90_A0A858JL41
contig_1	1204704	1204943	-	CENAFE_06455	8.4	9.5		SO:0001217, UniParc:UPI0007DD0602, UniRef:UniRef100_A0A181CDA0, UniRef:UniRef50_A0A181CDA0, UniRef:UniRef90_A0A181CDA0
contig_1	1212577	1213044	+	CENAFE_06485	16.9	5.9		RefSeq:WP_007397616.1, SO:0001217, UniParc:UPI000207FF78, UniRef:UniRef100_A0A2D3HAG6, UniRef:UniRef50_A0A371Z333, UniRef:UniRef90_A0A2D3HAG6
contig_1	1222947	1223123	-	CENAFE_06530	6.6	4.1		RefSeq:WP_007397626.1, SO:0001217, UniParc:UPI000208006F, UniRef:UniRef100_A0A181CDM4, UniRef:UniRef50_W5YBS6, UniRef:UniRef90_A0A181CDM4
contig_1	1252201	1252698	-	CENAFE_06675	16.6	9.0	PF04519.16|Bactofilin	PFAM:PF04519.16, RefSeq:WP_007397656.1, SO:0001217, UniParc:UPI000208008D, UniRef:UniRef100_A0A2D3HAJ6, UniRef:UniRef50_W5YCG0, UniRef:UniRef90_A0A318PZN6
contig_1	1256360	1256629	+	CENAFE_06690	8.7	7.1		RefSeq:WP_034929648.1, SO:0001217, UniParc:UPI0002F1A850, UniRef:UniRef100_A0A2D3HI07, UniRef:UniRef50_A0A347WBB7, UniRef:UniRef90_A0A2D3HI07
contig_1	1280290	1280940	+	CENAFE_06775	22.7	8.0		
contig_1	1280925	1282226	+	CENAFE_06780	47.8	5.6	PF13429.9|TPR_15, PF13432.9|TPR_16, PF13432.9|TPR_16, PF13432.9|TPR_16	PFAM:PF13429.9, PFAM:PF13432.9, PFAM:PF13432.9, PFAM:PF13432.9, SO:0001217, UniRef:UniRef50_D5QJ29, UniRef:UniRef90_A0A2D3HAU6
contig_1	1293710	1294066	-	CENAFE_06840	12.6	7.1		RefSeq:WP_007397696.1, SO:0001217, UniParc:UPI00020802A8, UniRef:UniRef100_A0A2D3HAX9, UniRef:UniRef50_W5YC64, UniRef:UniRef90_A0A070A943
contig_1	1297112	1297441	+	CENAFE_06855	12.8	5.7	PF13591.9|MerR_2	PFAM:PF13591.9, RefSeq:WP_007397700.1, SO:0001217, UniParc:UPI00020802AC, UniRef:UniRef100_A0A2D3HAU8, UniRef:UniRef50_A9HAH6, UniRef:UniRef90_A0A2D3HAU8
contig_1	1297520	1297921	-	CENAFE_06860	13.9	9.8		RefSeq:WP_007397701.1, SO:0001217, UniParc:UPI00020802AD, UniRef:UniRef100_A0A2D3HAS2, UniRef:UniRef50_G2I6N6, UniRef:UniRef90_G2I6N6
contig_1	1305150	1305332	-	CENAFE_06890	6.5	9.9		RefSeq:WP_034933611.1, SO:0001217, UniParc:UPI00030666CD, UniRef:UniRef100_A0A2D3HAZ0, UniRef:UniRef50_W5YCD0, UniRef:UniRef90_A0A2D3HAZ0
contig_1	1312722	1313210	-	CENAFE_06940	17.1	6.5		RefSeq:WP_223846535.1, SO:0001217, UniParc:UPI0002D859AA, UniRef:UniRef100_A0A2D3HAN3, UniRef:UniRef50_W5YBL5, UniRef:UniRef90_A0A070A8Q9
contig_1	1317103	1318173	-	CENAFE_06965	38.6	8.7		RefSeq:WP_007397724.1, SO:0001217, UniParc:UPI00020802C4, UniRef:UniRef100_A0A2D3HAQ5, UniRef:UniRef50_A0A7U7KM88, UniRef:UniRef90_A0A070A8Q3
contig_1	1335633	1336328	+	CENAFE_07050	24.2	6.8		SO:0001217, UniParc:UPI0003033233, UniRef:UniRef100_A0A2D3HAQ6, UniRef:UniRef50_A0A1D8URM5, UniRef:UniRef90_A0A2D3HAQ6
contig_1	1344194	1344640	+	CENAFE_07085	16.5	7.7		RefSeq:WP_007397752.1, SO:0001217, UniParc:UPI00020803C3, UniRef:UniRef100_A0A181CDD3, UniRef:UniRef50_A0A4Y6V7M6, UniRef:UniRef90_A0A347WBJ2
contig_1	1344683	1344925	-	CENAFE_07090	9.0	6.6		RefSeq:WP_007397753.1, SO:0001217, UniParc:UPI00020803C4, UniRef:UniRef100_A0A2D3HAZ2, UniRef:UniRef50_D5QJ99, UniRef:UniRef90_G2I6J3
contig_1	1345138	1345743	-	CENAFE_07095	21.6	5.1		SO:0001217, UniParc:UPI00020803C5, UniRef:UniRef100_A0A2D3HB20, UniRef:UniRef50_A0A318PIQ9, UniRef:UniRef90_A0A070A9B6
contig_1	1355808	1357007	-	CENAFE_07150	42.6	7.3	PF13975.9|gag-asp_proteas	PFAM:PF13975.9, RefSeq:WP_223846532.1, SO:0001217, UniParc:UPI0007DD454F, UniRef:UniRef100_A0A2D3HHU6, UniRef:UniRef50_A0A070AD47, UniRef:UniRef90_A0A070AD47
contig_1	1359074	1359331	-	CENAFE_07165	8.9	4.4		RefSeq:WP_007397773.1, SO:0001217, UniParc:UPI00020803D8, UniRef:UniRef100_A0A2D3HAT6, UniRef:UniRef50_A0A347WBT2, UniRef:UniRef90_A0A070A6F0
contig_1	1360853	1361182	-	CENAFE_07175	11.4	4.4		RefSeq:WP_007397775.1, SO:0001217, UniParc:UPI00020803DA, UniRef:UniRef100_A0A2D3HAS5, UniRef:UniRef50_G2I6H8, UniRef:UniRef90_A0A070AD46
contig_1	1364358	1364450	+	CENAFE_07190	3.2	5.7		SO:0001217, UniParc:UPI0007DE1638, UniRef:UniRef100_A0A181CDB5, UniRef:UniRef50_A0A181CDB5, UniRef:UniRef90_A0A181CDB5
contig_1	1390021	1390158	-	CENAFE_07290	5.2	11.6		SO:0001217, UniParc:UPI0007DD6C22, UniRef:UniRef100_A0A181CD81, UniRef:UniRef50_A0A181CD81, UniRef:UniRef90_A0A181CD81
contig_1	1390757	1391383	-	CENAFE_07295	24.0	9.8		RefSeq:WP_007397803.1, SO:0001217, UniParc:UPI00020804E9, UniRef:UniRef100_A0A181CD47, UniRef:UniRef50_A0A181CD47, UniRef:UniRef90_A0A181CD47
contig_1	1398436	1399440	+	CENAFE_07330	38.2	5.8		RefSeq:WP_007397812.1, SO:0001217, UniParc:UPI00020804F2, UniRef:UniRef100_A0A2D3HAV8, UniRef:UniRef50_D5QJE5, UniRef:UniRef90_A0A2D3HAV8
contig_1	1399497	1400018	-	CENAFE_07335	18.6	5.0		RefSeq:WP_007397813.1, SO:0001217, UniParc:UPI00020804F3, UniRef:UniRef100_A0A2D3HAV3, UniRef:UniRef50_G2I6H0, UniRef:UniRef90_A0A070A5F3
contig_1	1400267	1400635	+	CENAFE_07340	11.7	4.3		RefSeq:WP_034928473.1, SO:0001217, UniParc:UPI0004D34261, UniRef:UniRef100_A0A2D3HB32, UniRef:UniRef50_W5YBE7, UniRef:UniRef90_A0A2D3HB32
contig_1	1416579	1416770	-	CENAFE_07415	7.2	11.2		RefSeq:WP_034928534.1, SO:0001217, UniParc:UPI00030E070E, UniRef:UniRef100_A0A2D3HBV8, UniRef:UniRef50_G2I6F5, UniRef:UniRef90_G2I6F5
contig_1	1425101	1425433	-	CENAFE_07455	11.9	8.5		RefSeq:WP_034928552.1, SO:0001217, UniParc:UPI0002F59863, UniRef:UniRef100_A0A2D3HC08, UniRef:UniRef50_A0A7Y7J0H6, UniRef:UniRef90_G2I6E7
contig_1	1428689	1428940	+	CENAFE_07475	8.2	9.1		SO:0001217, UniParc:UPI0007DD5E72, UniRef:UniRef100_A0A181CD13, UniRef:UniRef50_A0A181CD13, UniRef:UniRef90_A0A181CD13
contig_1	1433815	1434729	-	CENAFE_07490	31.9	5.7		RefSeq:WP_007399899.1, SO:0001217, UniParc:UPI00020809E0, UniRef:UniRef100_A0A2D3HC61, UniRef:UniRef50_G2I6E1, UniRef:UniRef90_A0A070A987
contig_1	1435843	1436163	-	CENAFE_07500	11.5	4.4		RefSeq:WP_007399901.1, SO:0001217, UniParc:UPI00020809E2, UniRef:UniRef100_A0A2D3HC12, UniRef:UniRef50_W5YBC5, UniRef:UniRef90_A0A2D3HC12
contig_1	1453082	1453627	-	CENAFE_07580	19.5	9.0		RefSeq:WP_083824494.1, SO:0001217, UniParc:UPI0007DDCC18, UniRef:UniRef100_A0A2D3HBZ8, UniRef:UniRef50_A0A095B4W5, UniRef:UniRef90_G2I6C3
contig_1	1454005	1454466	+	CENAFE_07585	16.1	7.7		SO:0001217, UniParc:UPI0004D5BE4E, UniRef:UniRef100_A0A070AA03, UniRef:UniRef50_A0A0N0MH06, UniRef:UniRef90_A0A0D6Q8F4
contig_1	1479083	1479463	-	CENAFE_07690	13.7	10.7		RefSeq:WP_034928623.1, SO:0001217, UniParc:UPI0004D4DDE3, UniRef:UniRef100_A0A070A9C3, UniRef:UniRef50_G2I6A1, UniRef:UniRef90_A0A070A9C3
contig_1	1488364	1488675	+	CENAFE_07740	11.7	5.2		RefSeq:WP_225063176.1, SO:0001217, UniParc:UPI0002DD1810, UniRef:UniRef100_A0A181CEI0, UniRef:UniRef50_A0A181CEI0, UniRef:UniRef90_A0A181CEI0
contig_1	1491516	1491986	+	CENAFE_07755	18.3	8.6		RefSeq:WP_139064302.1, SO:0001217, UniParc:UPI0007E091B4, UniRef:UniRef100_A0A181C5R0, UniRef:UniRef50_A0A181C5R0, UniRef:UniRef90_A0A181C5R0
contig_1	1496290	1496688	-	CENAFE_07785	15.1	10.8		SO:0001217, UniParc:UPI0007E13793, UniRef:UniRef100_A0A181C5P8, UniRef:UniRef50_A0A181C5P8, UniRef:UniRef90_A0A181C5P8
contig_1	1499718	1503413	+	CENAFE_07800	133.3	5.1		SO:0001217, UniParc:UPI0007DFBB82, UniRef:UniRef100_A0A2D3HFG1, UniRef:UniRef50_A0A2D3HFG1, UniRef:UniRef90_A0A2D3HFG1
contig_1	1503410	1504573	+	CENAFE_07805	42.9	5.7		SO:0001217, UniParc:UPI0002F8328E, UniRef:UniRef100_A0A2D3HFE8, UniRef:UniRef50_A0A7W8UUJ2, UniRef:UniRef90_A0A2D3HFE8
contig_1	1507645	1508358	+	CENAFE_07820	26.7	5.6		RefSeq:WP_146750217.1, SO:0001217, UniParc:UPI0007E1B79C, UniRef:UniRef100_A0A181C641, UniRef:UniRef50_A0A181C641, UniRef:UniRef90_A0A181C641
contig_1	1509181	1509444	-	CENAFE_07830	9.8	9.6		
contig_1	1510140	1511699	+	CENAFE_07840	58.1	8.9	PF13005.10|zf-IS66	PFAM:PF13005.10
contig_1	1514618	1514977	+	CENAFE_07855	13.2	10.2		
contig_1	1518194	1518949	-	CENAFE_07865	28.3	9.2		SO:0001217, UniParc:UPI0007DD5A50, UniRef:UniRef100_A0A2D3HFP4, UniRef:UniRef50_A0A070A427, UniRef:UniRef90_A0A070A427
contig_1	1522082	1522189	-	CENAFE_07880	3.9	4.6		SO:0001217, UniParc:UPI0007E26974, UniRef:UniRef100_A0A181C591, UniRef:UniRef50_A0A181C591, UniRef:UniRef90_A0A181C591
contig_1	1529447	1529611	+	CENAFE_07915	6.3	9.7		SO:0001217, UniParc:UPI0007E22516, UniRef:UniRef100_A0A181C5B0, UniRef:UniRef50_A0A181C5B0, UniRef:UniRef90_A0A181C5B0
contig_1	1530436	1530597	-	CENAFE_07925	5.7	11.0		SO:0001217, UniParc:UPI0007DFDDAE, UniRef:UniRef100_A0A181C5B2, UniRef:UniRef50_A0A181C5B2, UniRef:UniRef90_A0A181C5B2
contig_1	1530602	1530751	-	CENAFE_07930	5.3	5.1		SO:0001217, UniParc:UPI0007DF7BF3, UniRef:UniRef100_A0A181C597, UniRef:UniRef50_A0A181C597, UniRef:UniRef90_A0A181C597
contig_1	1530748	1530999	-	CENAFE_07935	9.4	10.6		SO:0001217, UniParc:UPI0007E0477F, UniRef:UniRef100_A0A181C5C3, UniRef:UniRef50_A0A181C5C3, UniRef:UniRef90_A0A181C5C3
contig_1	1559835	1560404	+	CENAFE_08045	19.9	11.6		SO:0001217, UniParc:UPI000308AC98, UniRef:UniRef100_A0A070AED1, UniRef:UniRef50_A0A318QMC6, UniRef:UniRef90_A0A070AED1
contig_1	1574108	1574656	+	CENAFE_08110	18.3	5.7		RefSeq:WP_007399489.1, SO:0001217, UniParc:UPI000207FD58, UniRef:UniRef100_A0A2D3HBD1, UniRef:UniRef50_G2I633, UniRef:UniRef90_A0A2D3HBD1
contig_1	1578460	1578834	-	CENAFE_08130	13.1	9.1		RefSeq:WP_007399493.1, SO:0001217, UniParc:UPI000207FD5C, UniRef:UniRef100_A0A2D3HB88, UniRef:UniRef50_A0A1U9RLW8, UniRef:UniRef90_A0A2D3HB88
contig_1	1605173	1605304	+	CENAFE_08235	4.5	6.5		SO:0001217, UniParc:UPI000207FEBF, UniRef:UniRef100_A0A181CCV8, UniRef:UniRef50_A0A0P0YEY1, UniRef:UniRef90_A0A347WCB7
contig_1	1609402	1610523	-	CENAFE_08255	40.3	9.3		SO:0001217, UniParc:UPI0007DD0676, UniRef:UniRef100_A0A2D3HB98, UniRef:UniRef50_A0A269XYQ2, UniRef:UniRef90_A0A070ACQ4
contig_1	1612688	1613539	+	CENAFE_08265	30.8	5.8		SO:0001217, UniParc:UPI000207FEC9, UniRef:UniRef100_A0A2D3HHW5, UniRef:UniRef50_W5YI68, UniRef:UniRef90_A0A2D3HHW5
contig_1	1621333	1621614	+	CENAFE_08310	9.7	12.0		RefSeq:WP_034933297.1, SO:0001217, UniParc:UPI0004D5F7CA, UniRef:UniRef100_A0A2D3HBC1, UniRef:UniRef50_A0A2D3HBC1, UniRef:UniRef90_A0A2D3HBC1
contig_1	1648796	1648948	+	CENAFE_08445	5.9	11.2		SO:0001217, UniParc:UPI000207FFEC, UniRef:UniRef100_A0A181CCJ6, UniRef:UniRef50_A0A181CCJ6, UniRef:UniRef90_A0A181CCJ6
contig_1	1653110	1653631	+	CENAFE_08460	19.4	7.9		RefSeq:WP_007399576.1, SO:0001217, UniParc:UPI00020800DD, UniRef:UniRef100_A0A2D3HBA2, UniRef:UniRef50_A0A4Y3TT38, UniRef:UniRef90_G2I5X0
contig_1	1661343	1661531	-	CENAFE_08520	6.7	6.5		RefSeq:WP_007399589.1, SO:0001217, UniParc:UPI00020800EA, UniRef:UniRef100_A0A2D3HB76, UniRef:UniRef50_W5YB34, UniRef:UniRef90_A0A070A5X4
contig_1	1664807	1665112	+	CENAFE_08545	10.0	9.4		RefSeq:WP_007399594.1, SO:0001217, UniParc:UPI00020800EF, UniRef:UniRef100_A0A2D3HBA6, UniRef:UniRef50_G2I5V4, UniRef:UniRef90_A0A2D3HBA6
contig_1	1692049	1693644	+	CENAFE_08630	60.6	9.1	PF00623.23|RNA_pol_Rpb1_2, PF00623.23|RNA_pol_Rpb1_2, PF04983.21|RNA_pol_Rpb1_3, PF04997.15|RNA_pol_Rpb1_1	PFAM:PF00623.23, PFAM:PF00623.23, PFAM:PF04983.21, PFAM:PF04997.15
contig_1	1716133	1716390	+	CENAFE_08805	9.0	4.7		RefSeq:WP_007399652.1, SO:0001217, UniParc:UPI0002080214, UniRef:UniRef100_A0A2D3HBL4, UniRef:UniRef50_G2I5Q3, UniRef:UniRef90_G2I5Q3
contig_1	1734198	1736924	-	CENAFE_08870	95.4	5.5	PF07584.14|BatA, PF13709.9|DUF4159	PFAM:PF07584.14, PFAM:PF13709.9, RefSeq:WP_007399665.1, SO:0001217, UniParc:UPI0002080323, UniRef:UniRef100_A0A2D3HBH7, UniRef:UniRef50_A0A149UJ49, UniRef:UniRef90_A0A070A7F7
contig_1	1764413	1764961	+	CENAFE_08985	20.5	5.0		RefSeq:WP_034933097.1, SO:0001217, UniParc:UPI0004D4BE85, UniRef:UniRef100_A0A070AC82, UniRef:UniRef50_G2I5L0, UniRef:UniRef90_A0A070AC82
contig_1	1776363	1776983	-	CENAFE_09040	21.6	10.4		RefSeq:WP_007399702.1, SO:0001217, UniParc:UPI0002080436, UniRef:UniRef100_A0A2D3HBJ7, UniRef:UniRef50_A0A1U9KSR0, UniRef:UniRef90_A0A2D3HBJ7
contig_1	1783654	1784622	+	CENAFE_09075	33.8	8.7		RefSeq:WP_039999671.1, SO:0001217, UniParc:UPI00031C1D49, UniRef:UniRef100_A0A2D3HBR6, UniRef:UniRef50_G2I5J3, UniRef:UniRef90_A0A070A5J4
contig_1	1784625	1785167	+	CENAFE_09080	17.8	8.1		RefSeq:WP_007399711.1, SO:0001217, UniParc:UPI000208043F, UniRef:UniRef100_A0A2D3HBP8, UniRef:UniRef50_G2I5J2, UniRef:UniRef90_A0A070A630
contig_1	1785164	1786228	+	CENAFE_09085	35.8	9.4		RefSeq:WP_007399712.1, SO:0001217, UniParc:UPI0002080440, UniRef:UniRef100_A0A2D3HBJ3, UniRef:UniRef50_G2I5J1, UniRef:UniRef90_A0A070AC66
contig_1	1797149	1797550	-	CENAFE_09150	14.1	6.3		RefSeq:WP_034933056.1, SO:0001217, UniParc:UPI0004D67E3D, UniRef:UniRef100_A0A2D3HBN5, UniRef:UniRef50_G2I5H9, UniRef:UniRef90_G2I5H9
contig_1	1814163	1814477	+	CENAFE_09220	11.5	9.3		RefSeq:WP_007399742.1, SO:0001217, UniParc:UPI000208055E, UniRef:UniRef100_A0A2D3HBK5, UniRef:UniRef50_A0A318Q000, UniRef:UniRef90_G2I5G5
contig_1	1814517	1814666	-	CENAFE_09225	6.2	6.0		
contig_1	1814656	1815078	-	CENAFE_09230	16.0	9.2		
contig_1	1818777	1819256	-	CENAFE_09250	16.5	5.2		RefSeq:WP_007399747.1, SO:0001217, UniParc:UPI0002080563, UniRef:UniRef100_A0A181CCA9, UniRef:UniRef50_G2I5G0, UniRef:UniRef90_A0A070A5I9
contig_1	1819275	1819931	-	CENAFE_09255	25.0	9.5		RefSeq:WP_007399748.1, SO:0001217, UniParc:UPI0002080564, UniRef:UniRef100_A0A2D3HBP1, UniRef:UniRef50_G2I5F9, UniRef:UniRef90_A0A2D3HBP1
contig_1	1823800	1824096	-	CENAFE_09285	10.5	9.9		RefSeq:WP_007399755.1, SO:0001217, UniParc:UPI000208056B, UniRef:UniRef100_A0A2D3HBN7, UniRef:UniRef50_G2I5F3, UniRef:UniRef90_A0A070A5E9
contig_1	1827904	1828482	-	CENAFE_09300	21.3	6.6		RefSeq:WP_007399758.1, SO:0001217, UniParc:UPI000208056E, UniRef:UniRef100_A0A2D3HBY7, UniRef:UniRef50_G2I5F0, UniRef:UniRef90_G2I5F0
contig_1	1831484	1831783	+	CENAFE_09320	10.8	11.5		SO:0001217, UniParc:UPI00067FA9B4, UniRef:UniRef100_A0A858JM61, UniRef:UniRef50_A0A858JM61, UniRef:UniRef90_A0A858JM61
contig_1	1849610	1849717	-	CENAFE_09435	3.5	9.3		SO:0001217, UniParc:UPI0007DDE881, UniRef:UniRef100_A0A181CBZ5, UniRef:UniRef50_A0A181CBZ5, UniRef:UniRef90_A0A181CBZ5
contig_1	1859629	1859895	+	CENAFE_09485	9.1	4.7		RefSeq:WP_034932959.1, SO:0001217, UniParc:UPI0004D8ACF9, UniRef:UniRef100_A0A2D3HHY4, UniRef:UniRef50_A0A6M8HPZ4, UniRef:UniRef90_A0A0D6PYZ9
contig_1	1903410	1903541	-	CENAFE_09690	4.8	6.0		
contig_1	1919549	1919710	-	CENAFE_09740	6.3	6.7		RefSeq:WP_156953916.1, SO:0001217, UniParc:UPI00030F4D58, UniRef:UniRef100_A0A181CBY9, UniRef:UniRef50_A0A181CBY9, UniRef:UniRef90_A0A181CBY9
contig_1	1919771	1920106	-	CENAFE_09745	12.1	10.4		RefSeq:WP_034933366.1, SO:0001217, UniParc:UPI00031C6176, UniRef:UniRef100_A0A2D3HHS2, UniRef:UniRef50_A0A2D3HHS2, UniRef:UniRef90_A0A2D3HHS2
contig_1	1920189	1920305	-	CENAFE_09750	4.0	9.5		SO:0001217, UniParc:UPI0007DE1A84, UniRef:UniRef100_A0A181CBW1, UniRef:UniRef50_A0A181CBW1, UniRef:UniRef90_A0A181CBW1
contig_1	1920428	1920613	-	CENAFE_09755	6.2	6.5		RefSeq:WP_007399855.1, SO:0001217, UniParc:UPI00020808CA, UniRef:UniRef100_A0A2D3HBY4, UniRef:UniRef50_W5Y7Z4, UniRef:UniRef90_A0A2D3HBY4
contig_1	1920726	1920866	-	CENAFE_09760	5.0	10.0		RefSeq:WP_007399856.1, SO:0001217, UniParc:UPI00020808CB, UniRef:UniRef100_A0A181CBY0, UniRef:UniRef50_W5Y7S7, UniRef:UniRef90_A0A181CBY0
contig_1	1920901	1921032	-	CENAFE_09765	4.8	10.7		SO:0001217, UniParc:UPI0002EF1751, UniRef:UniRef100_A0A181CBT5, UniRef:UniRef50_A0A2S3W037, UniRef:UniRef90_A0A181CBT5
contig_1	1932293	1933417	+	CENAFE_09815	39.5	5.4		RefSeq:WP_139064275.1, SO:0001217, UniParc:UPI0002E3CF89, UniRef:UniRef100_A0A858JI56, UniRef:UniRef50_A0A858JI56, UniRef:UniRef90_A0A858JI56
contig_1	1934086	1934439	+	CENAFE_09820	13.0	11.0		
contig_1	1934920	1937958	+	CENAFE_09825	99.7	4.4	PF13332.9|Fil_haemagg_2, PF13332.9|Fil_haemagg_2, PF13332.9|Fil_haemagg_2	PFAM:PF13332.9, PFAM:PF13332.9, PFAM:PF13332.9, RefSeq:WP_007397825.1, SO:0001217, UniParc:UPI00020805FC, UniRef:UniRef100_A0A2D3HAY6, UniRef:UniRef50_A0A2D3HAY6, UniRef:UniRef90_A0A2D3HAY6
contig_1	1939042	1939593	+	CENAFE_09830	19.9	8.9		SO:0001217, UniParc:UPI0007E1776C, UniRef:UniRef100_A0A181C5B9, UniRef:UniRef50_A0A1U9RKE3, UniRef:UniRef90_A0A181C5B9
contig_1	1939844	1940467	+	CENAFE_09835	24.2	8.9		RefSeq:WP_139064278.1, SO:0001217, UniParc:UPI0007DF7BCC, UniRef:UniRef100_A0A2D3HAW1, UniRef:UniRef50_A0A2D3HAW1, UniRef:UniRef90_A0A2D3HAW1
contig_1	1940745	1941140	+	CENAFE_09840	14.6	4.6		RefSeq:WP_050800604.1, SO:0001217, UniParc:UPI0006818DB5, UniRef:UniRef100_A0A2D3HAW2, UniRef:UniRef50_A0A2D3HAW2, UniRef:UniRef90_A0A2D3HAW2
contig_1	1944517	1945884	+	CENAFE_09865	46.1	4.4		SO:0001217, UniRef:UniRef50_A0A2D3HAX5, UniRef:UniRef90_A0A2D3HAX5
contig_1	1946811	1947437	-	CENAFE_09870	22.5	11.0		SO:0001217, UniParc:UPI0007DDFF64, UniRef:UniRef100_A0A181CE80, UniRef:UniRef50_A0A181CE80, UniRef:UniRef90_A0A181CE80
contig_1	1951742	1952062	+	CENAFE_09895	11.8	6.0		
contig_1	1964017	1964388	-	CENAFE_09940	13.9	4.5		RefSeq:WP_172459683.1, SO:0001217, UniParc:UPI0007DFCC91, UniRef:UniRef100_A0A181C5T4, UniRef:UniRef50_G2I423, UniRef:UniRef90_A0A181C5T4
contig_1	1969302	1969424	+	CENAFE_09965	4.6	8.6		SO:0001217, UniParc:UPI0007E0DB40, UniRef:UniRef100_A0A181C5V6, UniRef:UniRef50_A0A181C5V6, UniRef:UniRef90_A0A181C5V6
contig_1	1974731	1974850	+	CENAFE_10000	4.3	9.1		SO:0001217, UniParc:UPI000315060E, UniRef:UniRef100_A0A181C571, UniRef:UniRef50_W5Y761, UniRef:UniRef90_A0A181C571
contig_1	1976667	1978277	-	CENAFE_10020	59.7	8.2		KEGG:K16922, RefSeq:WP_007397962.1, SO:0001217, UniParc:UPI0002080974, UniRef:UniRef100_A0A2D3HF47, UniRef:UniRef50_A0A2D3HF47, UniRef:UniRef90_A0A2D3HF47
contig_1	2005349	2005585	-	CENAFE_10090	9.0	10.0		SO:0001217, UniParc:UPI0007DD3A9D, UniRef:UniRef100_A0A858JMS0, UniRef:UniRef50_A0A858JMS0, UniRef:UniRef90_A0A858JMS0
contig_1	2014100	2014213	+	CENAFE_10115	4.1	4.6		SO:0001217, UniParc:UPI0007DD572E, UniRef:UniRef100_A0A181C9C8, UniRef:UniRef50_A0A181C9C8, UniRef:UniRef90_A0A181C9C8
contig_1	2022265	2022612	+	CENAFE_10150	12.9	10.1		SO:0001217, UniParc:UPI0007DE1986, UniRef:UniRef100_A0A181C9D8, UniRef:UniRef50_A0A181C9D8, UniRef:UniRef90_A0A181C9D8
contig_1	2050135	2050308	-	CENAFE_10260	6.2	9.7		SO:0001217, UniParc:UPI000207F94F, UniRef:UniRef100_A0A181C9F8, UniRef:UniRef50_A0A181C9F8, UniRef:UniRef90_A0A181C9F8
contig_1	2067141	2067731	-	CENAFE_10335	20.2	5.9		RefSeq:WP_039998737.1, SO:0001217, UniParc:UPI0002EAEC25, UniRef:UniRef100_A0A2D3HF93, UniRef:UniRef50_W5YAI1, UniRef:UniRef90_A0A070A3Z2
contig_1	2075618	2076001	+	CENAFE_10375	12.5	9.2		RefSeq:WP_051672061.1, SO:0001217, UniParc:UPI00031C6748, UniRef:UniRef100_A0A181C9K2, UniRef:UniRef50_W5YF03, UniRef:UniRef90_A0A181C9K2
contig_1	2076038	2076295	-	CENAFE_10380	8.6	11.6		SO:0001217, UniRef:UniRef50_A0A070ADJ3, UniRef:UniRef90_A0A070ADJ3
contig_1	2077776	2078060	-	CENAFE_10390	9.5	9.7		RefSeq:WP_099963244.1, SO:0001217, UniParc:UPI00030A2963, UniRef:UniRef100_A0A181C9K3, UniRef:UniRef50_A0A070A8Q2, UniRef:UniRef90_A0A070A8Q2
contig_1	2085682	2085777	+	CENAFE_10420	3.4	4.7		SO:0001217, UniParc:UPI0007DD65E8, UniRef:UniRef100_A0A181C9J1, UniRef:UniRef50_A0A181C9J1, UniRef:UniRef90_A0A181C9J1
contig_1	2088822	2089031	+	CENAFE_10435	8.0	9.9		RefSeq:WP_007398075.1, SO:0001217, UniParc:UPI000207FA8B, UniRef:UniRef100_A0A2D3HF50, UniRef:UniRef50_G2I357, UniRef:UniRef90_A0A070A6V7
contig_1	2089039	2089401	+	CENAFE_10440	12.9	10.6		SO:0001217, UniParc:UPI0007DD7ABA, UniRef:UniRef100_A0A181C9M0, UniRef:UniRef50_A0A181C9M0, UniRef:UniRef90_A0A181C9M0
contig_1	2089594	2089938	-	CENAFE_10445	11.4	9.9		RefSeq:WP_034930591.1, SO:0001217, UniParc:UPI00030181D4, UniRef:UniRef100_A0A2D3HEU5, UniRef:UniRef50_W5Y7A6, UniRef:UniRef90_A0A2D3HEU5
contig_1	2090101	2090376	-	CENAFE_10450	9.5	5.5		RefSeq:WP_007398078.1, SO:0001217, UniParc:UPI000207FA8E, UniRef:UniRef100_A0A2D3HF04, UniRef:UniRef50_A0A2D3HF04, UniRef:UniRef90_A0A2D3HF04
contig_1	2099217	2099429	-	CENAFE_10460	7.1	12.0		RefSeq:WP_007398080.1, SO:0001217, UniParc:UPI000207FA90, UniRef:UniRef100_A0A181C9M9, UniRef:UniRef50_A0A181C9M9, UniRef:UniRef90_A0A181C9M9
contig_1	2109589	2109693	+	CENAFE_10510	3.7	8.4		SO:0001217, UniParc:UPI0007DD1B71, UniRef:UniRef100_A0A181C9P6, UniRef:UniRef50_A0A181C9P6, UniRef:UniRef90_A0A181C9P6
contig_1	2113024	2113647	-	CENAFE_10530	22.2	7.1		SO:0001217, UniParc:UPI000207FB99, UniRef:UniRef100_A0A2D3HET7, UniRef:UniRef50_A0A070A912, UniRef:UniRef90_A0A070A912
contig_1	2155765	2155926	+	CENAFE_10690	5.7	7.7		SO:0001217, UniParc:UPI000207FCED, UniRef:UniRef100_A0A181C9S2, UniRef:UniRef50_A0A181C9S2, UniRef:UniRef90_A0A181C9S2
contig_1	2159609	2159773	+	CENAFE_10715	6.2	4.7		RefSeq:WP_007398141.1, SO:0001217, UniParc:UPI000207FCF6, UniRef:UniRef100_A0A181C9Q2, UniRef:UniRef50_A0A0N1FN94, UniRef:UniRef90_A0A181C9Q2
contig_1	2163592	2163819	-	CENAFE_10735	8.6	8.0		RefSeq:WP_039998745.1, SO:0001217, UniParc:UPI000305699B, UniRef:UniRef100_A0A2D3HEU2, UniRef:UniRef50_W5YF87, UniRef:UniRef90_A0A070A727
contig_1	2176190	2177344	+	CENAFE_10800	41.4	6.3		COG:COG3391, COG:R, RefSeq:WP_007398160.1, SO:0001217, UniParc:UPI000207FD09, UniRef:UniRef100_A0A2D3HEW6, UniRef:UniRef50_A0A1Q4A967, UniRef:UniRef90_G2I3C3
contig_1	2181162	2181671	+	CENAFE_10825	18.1	6.6	PF01042.24|Ribonuc_L-PSP	PFAM:PF01042.24, RefSeq:WP_007398165.1, SO:0001217, UniParc:UPI000207FE3E, UniRef:UniRef100_A0A2D3HF26, UniRef:UniRef50_A0A4Y3TR15, UniRef:UniRef90_A0A2D3HF26
contig_1	2182691	2183014	-	CENAFE_10835	12.0	6.9		SO:0001217, UniParc:UPI000207FE42, UniRef:UniRef100_A0A2D3HER3, UniRef:UniRef50_G2I3C8, UniRef:UniRef90_A0A070A745
contig_1	2183095	2183451	-	CENAFE_10840	12.0	8.8		RefSeq:WP_007398170.1, SO:0001217, UniParc:UPI000207FE43, UniRef:UniRef100_A0A2D3HET0, UniRef:UniRef50_G2I3C9, UniRef:UniRef90_A0A2D3HET0
contig_1	2185774	2186838	+	CENAFE_10850	40.3	6.5		SO:0001217, UniParc:UPI0007DD36A5, UniRef:UniRef100_A0A181C9U8, UniRef:UniRef50_A0A0N0MFG3, UniRef:UniRef90_A0A181C9U8
contig_1	2188824	2189342	-	CENAFE_10860	19.4	9.6		RefSeq:WP_007398175.1, SO:0001217, UniParc:UPI000207FE48, UniRef:UniRef100_A0A2D3HEV8, UniRef:UniRef50_G2I3D3, UniRef:UniRef90_A0A2D3HEV8
contig_1	2201858	2202085	+	CENAFE_10915	8.2	7.8		RefSeq:WP_007398189.1, SO:0001217, UniParc:UPI000207FE56, UniRef:UniRef100_A0A2D3HF07, UniRef:UniRef50_W5Y8P2, UniRef:UniRef90_G2I3E2
contig_1	2208605	2208811	+	CENAFE_10945	7.3	11.8		SO:0001217, UniParc:UPI0007DD6661, UniRef:UniRef100_A0A070ADB2, UniRef:UniRef50_A0A070ADB2, UniRef:UniRef90_A0A070ADB2
contig_1	2216395	2216862	-	CENAFE_10985	16.8	6.7		SO:0001217, UniParc:UPI000207FE6A, UniRef:UniRef100_A0A2D3HIF1, UniRef:UniRef50_B5ZHC2, UniRef:UniRef90_A0A2D3HIF1
contig_1	2218321	2218452	-	CENAFE_11000	4.8	9.6		
contig_1	2218678	2218863	-	CENAFE_11005	7.3	7.7		SO:0001217, UniParc:UPI000587A644, UniRef:UniRef100_A0A2D3HEZ2, UniRef:UniRef50_A0A070A8G7, UniRef:UniRef90_A0A070A8G7
contig_1	2221009	2221365	+	CENAFE_11015	12.1	9.7		RefSeq:WP_034932877.1, SO:0001217, UniParc:UPI0002E43CA0, UniRef:UniRef100_A0A2D3HEN4, UniRef:UniRef50_A0A2D3HEN4, UniRef:UniRef90_A0A2D3HEN4
contig_1	2237479	2237751	-	CENAFE_11065	9.3	6.7		RefSeq:WP_223846667.1, SO:0001217, UniParc:UPI00031F7C4C, UniRef:UniRef100_A0A2D3HEY2, UniRef:UniRef50_A0A070A384, UniRef:UniRef90_A0A070A384
contig_1	2238018	2238248	+	CENAFE_11070	8.9	8.0		RefSeq:WP_223846668.1, SO:0001217, UniParc:UPI0007DD158A, UniRef:UniRef100_A0A2D3HEY3, UniRef:UniRef50_W5Y7L3, UniRef:UniRef90_A0A2D3HEY3
contig_1	2242467	2242772	-	CENAFE_11085	10.8	6.3		RefSeq:WP_007398234.1, SO:0001217, UniParc:UPI000207FF8C, UniRef:UniRef100_A0A2D3HEP4, UniRef:UniRef50_W5Y8D5, UniRef:UniRef90_A0A070AHJ5
contig_1	2246996	2251171	-	CENAFE_11105	151.3	6.1		RefSeq:WP_099963242.1, SO:0001217, UniParc:UPI000C1B427B, UniRef:UniRef100_A0A2D3HER7, UniRef:UniRef50_A0A2D3HER7, UniRef:UniRef90_A0A2D3HER7
contig_1	2258655	2259335	-	CENAFE_11140	23.9	10.6		SO:0001217, UniParc:UPI0007DDB389, UniRef:UniRef100_A0A181C9Y6, UniRef:UniRef50_A0A181C9Y6, UniRef:UniRef90_A0A181C9Y6
contig_1	2262406	2262594	-	CENAFE_11155	6.5	9.7		RefSeq:WP_007398252.1, SO:0001217, UniParc:UPI0002080092, UniRef:UniRef100_A0A2D3HEL4, UniRef:UniRef50_G2I2G5, UniRef:UniRef90_G2I2G5
contig_1	2263899	2264303	-	CENAFE_11165	15.2	4.7		RefSeq:WP_007398254.1, SO:0001217, UniParc:UPI0002080094, UniRef:UniRef100_A0A2D3HEL1, UniRef:UniRef50_A0A070AB35, UniRef:UniRef90_A0A070AB35
contig_1	2288986	2289366	-	CENAFE_11260	13.1	7.8		RefSeq:WP_007398277.1, SO:0001217, UniParc:UPI00020800AB, UniRef:UniRef100_A0A2D3HEV0, UniRef:UniRef50_A0A318PN53, UniRef:UniRef90_A0A2D3HEV0
contig_1	2289637	2289969	-	CENAFE_11265	11.8	4.7		RefSeq:WP_039998842.1, SO:0001217, UniParc:UPI0003015F3C, UniRef:UniRef100_A0A2D3HIJ8, UniRef:UniRef50_G2I3S6, UniRef:UniRef90_A0A070AB17
contig_1	2290075	2290257	-	CENAFE_11270	6.6	10.0		RefSeq:WP_007398279.1, SO:0001217, UniParc:UPI00020800AD, UniRef:UniRef100_A0A2D3HEV4, UniRef:UniRef50_A0A347WF84, UniRef:UniRef90_A0A070AHH0
contig_1	2291094	2291216	+	CENAFE_11280	4.9	6.5		SO:0001217, UniParc:UPI0003111ABE, UniRef:UniRef100_A0A181CA42, UniRef:UniRef50_A0A181CA42, UniRef:UniRef90_A0A181CA42
contig_1	2293780	2294286	-	CENAFE_11300	18.6	9.5		RefSeq:WP_007398285.1, SO:0001217, UniParc:UPI00020800B3, UniRef:UniRef100_A0A2D3HEP0, UniRef:UniRef50_C7JEF7, UniRef:UniRef90_A0A2D3HEP0
contig_1	2300240	2300419	+	CENAFE_11325	6.7	11.2		SO:0001217, UniParc:UPI0007DDF2AB, UniRef:UniRef100_A0A181CA12, UniRef:UniRef50_A0A181CA12, UniRef:UniRef90_A0A181CA12
contig_1	2306558	2306752	-	CENAFE_11360	7.0	5.3		RefSeq:WP_034927778.1, SO:0001217, UniParc:UPI0002E6EFDC, UniRef:UniRef100_A0A2D3HEK7, UniRef:UniRef50_A0A2D3HEK7, UniRef:UniRef90_A0A2D3HEK7
contig_1	2309407	2309637	-	CENAFE_11375	8.0	4.1		RefSeq:WP_007398304.1, SO:0001217, UniParc:UPI00020801B2, UniRef:UniRef100_A0A2D3HEQ0, UniRef:UniRef50_A0A2D3HEQ0, UniRef:UniRef90_A0A2D3HEQ0
contig_1	2325601	2326215	-	CENAFE_11425	21.6	5.1	PF05014.18|Nuc_deoxyrib_tr	PFAM:PF05014.18, RefSeq:WP_007398315.1, SO:0001217, UniParc:UPI00020801BD, UniRef:UniRef100_A0A2D3HEM3, UniRef:UniRef50_Q9Y7P9, UniRef:UniRef90_A0A070AAZ9
contig_1	2367170	2367721	+	CENAFE_11590	19.1	7.9		RefSeq:WP_007398355.1, SO:0001217, UniParc:UPI00020802EF, UniRef:UniRef100_A0A2D3HEF4, UniRef:UniRef50_A0A070A258, UniRef:UniRef90_A0A070A258
contig_1	2372610	2372810	+	CENAFE_11615	6.7	11.8		SO:0001217, UniParc:UPI00031D8DCB, UniRef:UniRef100_A0A2D3HEL7, UniRef:UniRef50_A0A2D3HEL7, UniRef:UniRef90_A0A2D3HEL7
contig_1	2401517	2401969	+	CENAFE_11725	15.9	4.1		SO:0001217, UniParc:UPI0007DEE524, UniRef:UniRef100_A0A858JJP9, UniRef:UniRef50_A0A858JJP9, UniRef:UniRef90_A0A858JJP9
contig_1	2404157	2404636	+	CENAFE_11740	17.6	4.7		RefSeq:WP_112209978.1, SO:0001217, UniParc:UPI0007DD1586, UniRef:UniRef100_A0A181CAD3, UniRef:UniRef50_A0A181CAD3, UniRef:UniRef90_A0A181CAD3
contig_1	2404638	2405087	+	CENAFE_11745	16.7	9.3		SO:0001217, UniParc:UPI0005866B5E, UniRef:UniRef100_A0A2D3HEM2, UniRef:UniRef50_A0A2D3HEM2, UniRef:UniRef90_A0A2D3HEM2
contig_1	2446935	2447327	-	CENAFE_11900	13.9	6.2		RefSeq:WP_007398434.1, SO:0001217, UniParc:UPI0002080617, UniRef:UniRef100_A0A2D3HEB7, UniRef:UniRef50_A0A347WF23, UniRef:UniRef90_A0A2D3HEB7
contig_1	2447701	2448042	-	CENAFE_11905	11.3	8.9		RefSeq:WP_139064284.1, SO:0001217, UniParc:UPI0007DD4055, UniRef:UniRef100_A0A2D3HE90, UniRef:UniRef50_A0A2D3HE90, UniRef:UniRef90_A0A2D3HE90
contig_1	2448072	2448341	-	CENAFE_11910	9.4	11.2		RefSeq:WP_051672135.1, SO:0001217, UniParc:UPI0004D963AD, UniRef:UniRef100_A0A070A6U8, UniRef:UniRef50_A0A0D6Q8N5, UniRef:UniRef90_A0A070A6U8
contig_1	2448753	2449076	-	CENAFE_11920	11.5	9.2		RefSeq:WP_034932196.1, SO:0001217, UniParc:UPI0004D5EC7B, UniRef:UniRef100_A0A070ADH2, UniRef:UniRef50_A0A070ADH2, UniRef:UniRef90_A0A070ADH2
contig_1	2453504	2454568	-	CENAFE_11940	38.8	9.1		RefSeq:WP_034932192.1, SO:0001217, UniParc:UPI0004DA61AD, UniRef:UniRef100_A0A2D3HEK1, UniRef:UniRef50_A0A7Y7ITZ1, UniRef:UniRef90_G2I417
contig_1	2455015	2455479	+	CENAFE_11945	16.5	5.5		RefSeq:WP_007398443.1, SO:0001217, UniParc:UPI0002080620, UniRef:UniRef100_A0A2D3HE95, UniRef:UniRef50_G2I415, UniRef:UniRef90_A0A318PT86
contig_1	2455491	2455580	+	CENAFE_11950	3.0	12.0		SO:0001217, UniParc:UPI0007DE2DED, UniRef:UniRef100_A0A181CAH4, UniRef:UniRef50_A0A181CAH4, UniRef:UniRef90_A0A181CAH4
contig_1	2466563	2467111	+	CENAFE_12000	20.1	11.4		RefSeq:WP_007398454.1, SO:0001217, UniParc:UPI000208062B, UniRef:UniRef100_A0A2D3HEI0, UniRef:UniRef50_A0A347WEZ6, UniRef:UniRef90_A0A2D3HEI0
contig_1	2468809	2469930	+	CENAFE_12010	40.0	5.2		RefSeq:WP_007398457.1, SO:0001217, UniParc:UPI000208062E, UniRef:UniRef100_A0A2D3HE97, UniRef:UniRef50_G2I420, UniRef:UniRef90_A0A070A851
contig_1	2477219	2477767	+	CENAFE_12050	19.4	4.8		RefSeq:WP_007398468.1, SO:0001217, UniParc:UPI0002080639, UniRef:UniRef100_A0A2D3HE94, UniRef:UniRef50_W5Y9C9, UniRef:UniRef90_A0A070A663
contig_1	2477767	2478417	+	CENAFE_12055	22.3	6.9		RefSeq:WP_007398469.1, SO:0001217, UniParc:UPI000208063A, UniRef:UniRef100_A0A2D3HEH1, UniRef:UniRef50_G2I435, UniRef:UniRef90_A0A2D3HEH1
contig_1	2478526	2479395	+	CENAFE_12060	29.0	5.1		RefSeq:WP_007398470.1, SO:0001217, UniParc:UPI000208063B, UniRef:UniRef100_A0A2D3HEI5, UniRef:UniRef50_G2I436, UniRef:UniRef90_A0A070A6M8
contig_1	2481143	2481574	+	CENAFE_12070	15.6	4.7		RefSeq:WP_034927992.1, SO:0001217, UniParc:UPI0004D55F26, UniRef:UniRef100_A0A2D3HE61, UniRef:UniRef50_G2I438, UniRef:UniRef90_G2I438
contig_1	2481585	2481896	+	CENAFE_12075	10.7	4.4		RefSeq:WP_099963228.1, SO:0001217, UniParc:UPI0007DDFA81, UniRef:UniRef100_A0A2D3HE89, UniRef:UniRef50_G2I439, UniRef:UniRef90_A0A070A668
contig_1	2482062	2483354	+	CENAFE_12080	43.4	12.0		RefSeq:WP_099963227.1, SO:0001217, UniParc:UPI0007DCD737, UniRef:UniRef100_A0A2D3HE62, UniRef:UniRef50_A0A070ACT6, UniRef:UniRef90_A0A070ACT6
contig_1	2483581	2484501	+	CENAFE_12085	30.0	5.1		RefSeq:WP_007398473.1, SO:0001217, UniParc:UPI000208063E, UniRef:UniRef100_A0A2D3HEB6, UniRef:UniRef50_G2I441, UniRef:UniRef90_A0A070A6N5
contig_1	2484736	2485884	+	CENAFE_12095	41.2	6.1		SO:0001217, UniParc:UPI0002080640, UniRef:UniRef100_A0A2D3HE40, UniRef:UniRef50_A0A177G6Q6, UniRef:UniRef90_A0A070A7X1
contig_1	2486554	2486787	+	CENAFE_12105	8.2	12.0		RefSeq:WP_139064286.1, SO:0001217, UniParc:UPI0002FDA5E1, UniRef:UniRef100_A0A181CAG2, UniRef:UniRef50_A0A181CAG2, UniRef:UniRef90_A0A181CAG2
contig_1	2488957	2489583	+	CENAFE_12125	22.0	4.7		RefSeq:WP_039998921.1, SO:0001217, UniParc:UPI00031FE55C, UniRef:UniRef100_A0A2D3HE50, UniRef:UniRef50_A0A371Z0R8, UniRef:UniRef90_W5Y8B2
contig_1	2489583	2491211	+	CENAFE_12130	53.2	4.2		RefSeq:WP_007398482.1, SO:0001217, UniParc:UPI000208073D, UniRef:UniRef100_A0A181CAJ9, UniRef:UniRef50_A0A181CAJ9, UniRef:UniRef90_A0A181CAJ9
contig_1	2491222	2491713	+	CENAFE_12135	15.7	4.4		RefSeq:WP_007398483.1, SO:0001217, UniParc:UPI000208073E, UniRef:UniRef100_A0A2D3HE78, UniRef:UniRef50_W5YFZ2, UniRef:UniRef90_A0A070A6Y2
contig_1	2491776	2492243	+	CENAFE_12140	17.0	5.2		RefSeq:WP_007398484.1, SO:0001217, UniParc:UPI000208073F, UniRef:UniRef100_A0A2D3HE49, UniRef:UniRef50_A0A2D3HE49, UniRef:UniRef90_A0A2D3HE49
contig_1	2492240	2492731	+	CENAFE_12145	17.3	8.6		RefSeq:WP_007398485.1, SO:0001217, UniParc:UPI0002080740, UniRef:UniRef100_A0A2D3HEA5, UniRef:UniRef50_A0A1U9RIG4, UniRef:UniRef90_A0A2D3HEA5
contig_1	2492688	2493071	+	CENAFE_12150	13.1	9.6		SO:0001217, UniRef:UniRef50_A0A0M0EKF4, UniRef:UniRef90_A0A2D3HEC8
contig_1	2493218	2493817	+	CENAFE_12155	19.5	7.9		RefSeq:WP_007398487.1, SO:0001217, UniParc:UPI0002080742, UniRef:UniRef100_A0A2D3HE29, UniRef:UniRef50_A0A0D6QCA9, UniRef:UniRef90_A0A070A6C8
contig_1	2493919	2494068	+	CENAFE_12160	5.2	12.0		RefSeq:WP_007398488.1, SO:0001217, UniParc:UPI0002080743, UniRef:UniRef100_A0A181CAL6, UniRef:UniRef50_A0A181CAL6, UniRef:UniRef90_A0A181CAL6
contig_1	2495545	2495940	+	CENAFE_12175	14.5	10.7		RefSeq:WP_007398491.1, SO:0001217, UniParc:UPI0002080746, UniRef:UniRef100_A0A2D3HEF1, UniRef:UniRef50_A0A0M0EKF1, UniRef:UniRef90_A0A070A6G6
contig_1	2496015	2496254	+	CENAFE_12180	8.6	10.1		RefSeq:WP_112210005.1, SO:0001217, UniParc:UPI0007DE2C38, UniRef:UniRef100_A0A181CAK9, UniRef:UniRef50_A0A2D3HEG5, UniRef:UniRef90_A0A2D3HEG5
contig_1	2496399	2496560	-	CENAFE_12185	6.4	6.4		RefSeq:WP_007398493.1, SO:0001217, UniParc:UPI0002080748, UniRef:UniRef100_A0A181CAP2, UniRef:UniRef50_A0A0M0EKH1, UniRef:UniRef90_A0A181CAP2
contig_1	2496891	2497220	-	CENAFE_12190	10.8	9.0		SO:0001217, UniParc:UPI000208074A, UniRef:UniRef100_A0A2D3HE55, UniRef:UniRef50_A0A2D3HE55, UniRef:UniRef90_A0A2D3HE55
contig_1	2497405	2498103	-	CENAFE_12195	26.5	10.6	PF03567.17|Sulfotransfer_2	PFAM:PF03567.17, RefSeq:WP_007398496.1, SO:0001217, UniParc:UPI000208074B, UniRef:UniRef100_A0A2D3HE36, UniRef:UniRef50_W5Y4E2, UniRef:UniRef90_A0A2D3HE36
contig_1	2498271	2498453	+	CENAFE_12200	6.6	4.1		RefSeq:WP_007398497.1, SO:0001217, UniParc:UPI000208074C, UniRef:UniRef100_A0A2D3HE68, UniRef:UniRef50_A0A4P5NU83, UniRef:UniRef90_A0A2D3HE68
contig_1	2499757	2499921	-	CENAFE_12210	5.5	4.6		RefSeq:WP_007398499.1, SO:0001217, UniParc:UPI000208074E, UniRef:UniRef100_A0A181CAM4, UniRef:UniRef50_A0A181CAM4, UniRef:UniRef90_A0A181CAM4
contig_1	2499954	2500130	-	CENAFE_12215	6.4	5.3		RefSeq:WP_157772009.1, SO:0001217, UniParc:UPI0007DDED69, UniRef:UniRef100_A0A181CAI0, UniRef:UniRef50_A0A181CAI0, UniRef:UniRef90_A0A181CAI0
contig_1	2500425	2500757	-	CENAFE_12220	12.0	4.1		RefSeq:WP_007398501.1, SO:0001217, UniParc:UPI0002080750, UniRef:UniRef100_A0A2D3HE41, UniRef:UniRef50_W5Y8E7, UniRef:UniRef90_G2I461
contig_1	2507815	2507976	-	CENAFE_12255	6.1	9.3		SO:0001217, UniParc:UPI000208075C, UniRef:UniRef100_A0A181CAJ4, UniRef:UniRef50_A0A181CAJ4, UniRef:UniRef90_A0A181CAJ4
contig_1	2508871	2509155	-	CENAFE_12265	9.2	9.4		RefSeq:WP_007398515.1, SO:0001217, UniParc:UPI000208075E, UniRef:UniRef100_A0A2D3HEF5, UniRef:UniRef50_A0A2D3HEF5, UniRef:UniRef90_A0A2D3HEF5
contig_1	2517096	2517572	-	CENAFE_12305	16.9	7.8		RefSeq:WP_034932743.1, SO:0001217, UniParc:UPI0004D46DE5, UniRef:UniRef100_A0A2D3HE85, UniRef:UniRef50_G2I2Y9, UniRef:UniRef90_A0A2D3HE85
contig_1	2522358	2522750	-	CENAFE_12325	14.3	5.5		
contig_1	2528535	2528795	+	CENAFE_12365	9.8	5.9		RefSeq:WP_039998935.1, SO:0001217, UniParc:UPI00058736B4, UniRef:UniRef100_A0A2D3HE20, UniRef:UniRef50_A0A070AEP1, UniRef:UniRef90_A0A070AEP1
contig_1	2531519	2532577	+	CENAFE_12375	39.0	6.6		SO:0001217, UniParc:UPI000319BA8A, UniRef:UniRef100_A0A2D3HE23, UniRef:UniRef50_W5Y711, UniRef:UniRef90_A0A070A9S3
contig_1	2572661	2572981	+	CENAFE_12530	11.0	9.9		SO:0001217, UniParc:UPI0007DCCDE2, UniRef:UniRef100_A0A181C5H7, UniRef:UniRef50_A0A181C5H7, UniRef:UniRef90_A0A181C5H7
contig_1	2594789	2594926	-	CENAFE_12625	4.8	6.4		
contig_1	2596065	2596205	+	CENAFE_12635	5.0	12.0		SO:0001217, UniParc:UPI000208099E, UniRef:UniRef100_A0A181C569, UniRef:UniRef50_A0A181C569, UniRef:UniRef90_A0A181C569
contig_1	2626264	2626638	+	CENAFE_12775	13.7	6.7		RefSeq:WP_007398638.1, SO:0001217, UniParc:UPI0002080AB1, UniRef:UniRef100_A0A2D3HE69, UniRef:UniRef50_A0A2D3HE69, UniRef:UniRef90_A0A2D3HE69
contig_1	2631975	2633498	+	CENAFE_12800	56.2	6.3		EC:2.5.1.2, KEGG:K10811, RefSeq:WP_139064290.1, SO:0001217, UniParc:UPI0007DDE5A4, UniRef:UniRef100_A0A2D3HE10, UniRef:UniRef50_A0A318QX61, UniRef:UniRef90_A0A2D3HE10
contig_1	2691738	2692196	-	CENAFE_13050	17.8	6.6		RefSeq:WP_039999053.1, SO:0001217, UniParc:UPI0002E95295, UniRef:UniRef100_A0A2D3HDY8, UniRef:UniRef50_A0A2D3HDY8, UniRef:UniRef90_A0A2D3HDY8
contig_1	2723712	2723999	+	CENAFE_13195	10.9	7.8		RefSeq:WP_039999065.1, SO:0001217, UniParc:UPI000587F7CE, UniRef:UniRef100_A0A2D3HDZ6, UniRef:UniRef50_W5YE89, UniRef:UniRef90_W5YE89
contig_1	2727274	2727405	-	CENAFE_13210	5.1	11.6		SO:0001217, UniParc:UPI000207FAAB, UniRef:UniRef100_A0A181CEC3, UniRef:UniRef50_A0A181CEC3, UniRef:UniRef90_A0A181CEC3
contig_1	2745214	2745312	-	CENAFE_13280	4.0	9.2		SO:0001217, UniParc:UPI0007DD3F34, UniRef:UniRef100_A0A181CEL2, UniRef:UniRef50_S6D9Y4, UniRef:UniRef90_S6D9Y4
contig_1	2753208	2753447	+	CENAFE_13315	8.1	4.4		SO:0001217, UniParc:UPI0007DDEAE3, UniRef:UniRef100_A0A2D3HDP3, UniRef:UniRef50_W5YG35, UniRef:UniRef90_A0A2D3HDP3
contig_1	2755156	2755353	+	CENAFE_13325	7.4	10.7		RefSeq:WP_039999084.1, SO:0001217, UniParc:UPI000313C3EA, UniRef:UniRef100_A0A181C5N9, UniRef:UniRef50_A0A181C5N9, UniRef:UniRef90_A0A181C5N9
contig_1	2756192	2756764	+	CENAFE_13335	20.9	4.9		SO:0001217, UniParc:UPI0007DEA94A, UniRef:UniRef100_A0A181C645, UniRef:UniRef50_A0A181C645, UniRef:UniRef90_A0A181C645
contig_1	2761785	2762399	+	CENAFE_13360	22.1	5.5		RefSeq:WP_112209767.1, SO:0001217, UniParc:UPI0007DCCA49, UniRef:UniRef100_A0A181C642, UniRef:UniRef50_A0A0M0EE61, UniRef:UniRef90_A0A0M0EE61
contig_1	2763695	2763808	+	CENAFE_13370	4.1	11.4	PF02492.22|cobW	PFAM:PF02492.22
contig_1	2780282	2780599	-	CENAFE_13440	11.3	4.6		RefSeq:WP_242448089.1, SO:0001217, UniParc:UPI0007DDFAA8, UniRef:UniRef100_A0A181C668, UniRef:UniRef50_A0A149V0V1, UniRef:UniRef90_A0A181C668
contig_1	2782130	2782363	-	CENAFE_13445	8.7	5.9		
contig_1	2787118	2787639	+	CENAFE_13475	19.7	9.1		SO:0001217, UniParc:UPI0007DFA280, UniRef:UniRef100_A0A181C5R8, UniRef:UniRef50_A0A181C5R8, UniRef:UniRef90_A0A181C5R8
contig_1	2792822	2793016	-	CENAFE_13510	6.7	11.7		SO:0001217, UniParc:UPI0007E253CC, UniRef:UniRef100_A0A181C5Q0, UniRef:UniRef50_A0A401X6Q3, UniRef:UniRef90_A0A181C5Q0
contig_1	2793059	2793196	+	CENAFE_13515	5.4	9.1		RefSeq:WP_167376419.1, SO:0001217, UniParc:UPI0007DF4752, UniRef:UniRef100_A0A181C5R4, UniRef:UniRef50_D5QDL8, UniRef:UniRef90_A0A181C5R4
contig_1	2799946	2801100	-	CENAFE_13545	43.3	8.5		RefSeq:WP_146750208.1, SO:0001217, UniParc:UPI0011BE844B, UniRef:UniRef100_A0A181C5U1, UniRef:UniRef50_A0A2Z3X772, UniRef:UniRef90_A0A181C5U1
contig_1	2818863	2819081	-	CENAFE_13625	7.5	6.5		SO:0001217, UniParc:UPI0007DE5B77, UniRef:UniRef100_A0A181C5X7, UniRef:UniRef50_A0A181C5X7, UniRef:UniRef90_A0A181C5X7
contig_1	2829786	2830040	+	CENAFE_13680	8.9	9.3		RefSeq:WP_112210017.1, SO:0001217, UniParc:UPI0007DD8409, UniRef:UniRef100_A0A181CAV3, UniRef:UniRef50_W5YDS5, UniRef:UniRef90_A0A181CAV3
contig_1	2837187	2837468	-	CENAFE_13715	9.1	9.5		RefSeq:WP_007400685.1, SO:0001217, UniParc:UPI000207FB3A, UniRef:UniRef100_A0A2D3HDK0, UniRef:UniRef50_A0A2D3HCM4, UniRef:UniRef90_A0A2D3HCM4
contig_1	2837694	2837939	+	CENAFE_13720	8.9	4.1		RefSeq:WP_040000167.1, SO:0001217, UniParc:UPI000317C0C9, UniRef:UniRef100_A0A2D3HDR5, UniRef:UniRef50_W5Y8H2, UniRef:UniRef90_A0A0M0EKU3
contig_1	2838026	2838475	+	CENAFE_13725	15.5	6.6		RefSeq:WP_237701124.1, SO:0001217, UniParc:UPI0007DDA577, UniRef:UniRef100_A0A2D3HDS8, UniRef:UniRef50_W5YG35, UniRef:UniRef90_A0A2D3HDP3
contig_1	2848278	2848580	+	CENAFE_13780	11.2	7.9		RefSeq:WP_034928364.1, SO:0001217, UniParc:UPI00031271F0, UniRef:UniRef100_A0A070A998, UniRef:UniRef50_A0A070A998, UniRef:UniRef90_A0A070A998
contig_1	2852172	2852777	+	CENAFE_13800	22.1	11.7		SO:0001217, UniParc:UPI000207F9E5, UniRef:UniRef100_A0A2D3HDL2, UniRef:UniRef50_A0A2D3HDL2, UniRef:UniRef90_A0A2D3HDL2
contig_1	2853370	2854020	+	CENAFE_13810	23.3	9.8		RefSeq:WP_007400590.1, SO:0001217, UniParc:UPI000207F9E3, UniRef:UniRef100_A0A2D3HDF0, UniRef:UniRef50_A0A318PQY8, UniRef:UniRef90_A0A070A2J7
contig_1	2854045	2854230	+	CENAFE_13815	6.7	11.5		RefSeq:WP_007400589.1, SO:0001217, UniParc:UPI000207F9E2, UniRef:UniRef100_A0A2D3HDN2, UniRef:UniRef50_A0A2D3HDN2, UniRef:UniRef90_A0A2D3HDN2
contig_1	2861232	2861738	-	CENAFE_13845	18.9	6.2		RefSeq:WP_034928353.1, SO:0001217, UniParc:UPI0002D9E998, UniRef:UniRef100_A0A2D3HDE7, UniRef:UniRef50_A0A0U5F7L0, UniRef:UniRef90_G2I4A5
contig_1	2878955	2879887	-	CENAFE_13925	31.7	6.2		RefSeq:WP_034928331.1, SO:0001217, UniParc:UPI0002F217B6, UniRef:UniRef100_A0A2D3HDL4, UniRef:UniRef50_G2I4B9, UniRef:UniRef90_G2I4B9
contig_1	2904779	2905219	-	CENAFE_14060	15.9	5.2		RefSeq:WP_040000105.1, SO:0001217, UniParc:UPI0002F4CBF6, UniRef:UniRef100_A0A2D3HDA9, UniRef:UniRef50_A0A1U9KGN7, UniRef:UniRef90_G2I4E5
contig_1	2907002	2907259	-	CENAFE_14075	9.8	10.4		RefSeq:WP_007400530.1, SO:0001217, UniParc:UPI0002080A09, UniRef:UniRef100_A0A2D3HDG5, UniRef:UniRef50_A0A318Q8A7, UniRef:UniRef90_G2I4E8
contig_1	2928122	2928541	-	CENAFE_14165	15.5	11.3		SO:0001217, UniParc:UPI0007DD28EA, UniRef:UniRef100_A0A181CB10, UniRef:UniRef50_A0A181CB10, UniRef:UniRef90_A0A181CB10
contig_1	2930491	2930871	-	CENAFE_14180	15.4	9.4		RefSeq:WP_007400506.1, SO:0001217, UniParc:UPI0002080909, UniRef:UniRef100_A0A2D3HD64, UniRef:UniRef50_G2I4G7, UniRef:UniRef90_A0A2D3HD64
contig_1	2930995	2932884	-	CENAFE_14185	68.8	6.9		RefSeq:WP_040000096.1, SO:0001217, UniParc:UPI0002DFBB79, UniRef:UniRef100_A0A2D3HDC8, UniRef:UniRef50_A0A506UQM3, UniRef:UniRef90_A0A070A2B4
contig_1	2960727	2961077	+	CENAFE_14315	13.2	5.5		SO:0001217, UniParc:UPI0002DF2B96, UniRef:UniRef100_A0A2D3HDE0, UniRef:UniRef50_G2I4J4, UniRef:UniRef90_G2I4J4
contig_1	2978154	2978411	+	CENAFE_14400	9.0	5.2		RefSeq:WP_050800814.1, SO:0001217, UniParc:UPI0004D357C1, UniRef:UniRef100_A0A2D3HD20, UniRef:UniRef50_A0A318PKG8, UniRef:UniRef90_A0A2D3HD20
contig_1	3002081	3002317	-	CENAFE_14530	8.5	6.1		SO:0001217, UniParc:UPI0004D62064, UniRef:UniRef100_A0A2D3HD60, UniRef:UniRef50_A0A2D3HD60, UniRef:UniRef90_A0A2D3HD60
contig_1	3035099	3035608	-	CENAFE_14660	17.3	4.7		RefSeq:WP_007400391.1, SO:0001217, UniParc:UPI000208069B, UniRef:UniRef100_A0A2D3HD72, UniRef:UniRef50_A0A318PP84, UniRef:UniRef90_A0A070A9N2
contig_1	3061547	3063604	-	CENAFE_14790	79.1	5.6	PF08282.15|Hydrolase_3	PFAM:PF08282.15, RefSeq:WP_139064323.1, SO:0001217, UniParc:UPI0003030DB7, UniRef:UniRef100_A0A181CBC6, UniRef:UniRef50_A0A181CBC6, UniRef:UniRef90_A0A181CBC6
contig_1	3066577	3066945	+	CENAFE_14810	13.5	10.0		SO:0001217, UniParc:UPI0007DD1A0B, UniRef:UniRef100_A0A181CBH1, UniRef:UniRef50_A0A181CBH1, UniRef:UniRef90_A0A181CBH1
contig_1	3067020	3067274	-	CENAFE_14815	9.3	10.6		SO:0001217, UniParc:UPI0003049DD3, UniRef:UniRef100_A0A181CBL5, UniRef:UniRef50_A0A401WTU8, UniRef:UniRef90_A0A181CBL5
contig_1	3067506	3069047	-	CENAFE_14820	59.9	5.7		RefSeq:WP_139064322.1, SO:0001217, UniParc:UPI0002DD7FB4, UniRef:UniRef100_A0A2D3HD28, UniRef:UniRef50_A0A070A919, UniRef:UniRef90_A0A070A919
contig_1	3069444	3069758	-	CENAFE_14825	11.6	10.0		RefSeq:WP_007400348.1, SO:0001217, UniParc:UPI0002080576, UniRef:UniRef100_A0A181CBG9, UniRef:UniRef50_A0A181CBG9, UniRef:UniRef90_A0A181CBG9
contig_1	3073169	3073408	+	CENAFE_14845	8.7	5.4		RefSeq:WP_034929778.1, SO:0001217, UniParc:UPI0004D817D4, UniRef:UniRef100_A0A2D3HD44, UniRef:UniRef50_G2I4T4, UniRef:UniRef90_G2I4T4
contig_1	3074873	3075124	+	CENAFE_14855	9.0	7.1		RefSeq:WP_007400339.1, SO:0001217, UniParc:UPI0002080472, UniRef:UniRef100_A0A2D3HCU2, UniRef:UniRef50_W5Y959, UniRef:UniRef90_A0A2D3HCU2
contig_1	3079031	3079333	-	CENAFE_14875	10.0	9.7		RefSeq:WP_034929788.1, SO:0001217, UniParc:UPI0002FEA39C, UniRef:UniRef100_A0A2D3HIG7, UniRef:UniRef50_W5YGW1, UniRef:UniRef90_A0A2D3HIG7
contig_1	3079514	3079702	+	CENAFE_14880	6.9	6.4		RefSeq:WP_007400333.1, SO:0001217, UniParc:UPI000208046C, UniRef:UniRef100_A0A2D3HCU5, UniRef:UniRef50_A0A318PHT6, UniRef:UniRef90_A0A2D3HCU5
contig_1	3079874	3080170	-	CENAFE_14885	10.8	7.1		RefSeq:WP_007400332.1, SO:0001217, UniParc:UPI000208046B, UniRef:UniRef100_A0A2D3HCZ7, UniRef:UniRef50_G2I4U3, UniRef:UniRef90_A0A2D3HCZ7
contig_1	3087583	3087915	-	CENAFE_14925	11.8	11.4		RefSeq:WP_007400323.1, SO:0001217, UniParc:UPI0002080462, UniRef:UniRef100_A0A070AB16, UniRef:UniRef50_G2I4V1, UniRef:UniRef90_A0A070AB16
contig_1	3099090	3099437	-	CENAFE_14995	11.3	9.3		RefSeq:WP_007400308.1, SO:0001217, UniParc:UPI0002080453, UniRef:UniRef100_A0A2D3HCS2, UniRef:UniRef50_A0A2D3HCS2, UniRef:UniRef90_A0A2D3HCS2
contig_1	3125984	3126577	-	CENAFE_15105	21.6	5.0		RefSeq:WP_040000005.1, SO:0001217, UniParc:UPI0002E67162, UniRef:UniRef100_A0A2D3HCS4, UniRef:UniRef50_A0A2S3W0D3, UniRef:UniRef90_A0A2D3HCS4
contig_1	3156441	3156674	+	CENAFE_15195	8.7	8.8		RefSeq:WP_007400250.1, SO:0001217, UniParc:UPI0002080237, UniRef:UniRef100_A0A2D3HCY4, UniRef:UniRef50_W5Y4C0, UniRef:UniRef90_A0A2D3HCY4
contig_1	3162346	3162516	+	CENAFE_15225	6.4	6.2		SO:0001217, UniParc:UPI0007DE2B9C, UniRef:UniRef100_A0A181CBP4, UniRef:UniRef50_A0A181CBP4, UniRef:UniRef90_A0A181CBP4
contig_1	3165410	3165748	+	CENAFE_15240	11.1	10.5		RefSeq:WP_007400239.1, SO:0001217, UniParc:UPI000208022C, UniRef:UniRef100_A0A2D3HCM4, UniRef:UniRef50_A0A2D3HCM4, UniRef:UniRef90_A0A2D3HCM4
contig_1	3167992	3168279	+	CENAFE_15255	10.2	6.6		SO:0001217, UniParc:UPI0005873028, UniRef:UniRef100_A0A181C516, UniRef:UniRef50_A0A181C516, UniRef:UniRef90_A0A181C516
contig_1	3168784	3169716	+	CENAFE_15260	35.3	8.9		RefSeq:WP_139064318.1, SO:0001217, UniParc:UPI0007DF32FC, UniRef:UniRef100_A0A181C517, UniRef:UniRef50_A0A181C517, UniRef:UniRef90_A0A181C517
contig_1	3173067	3173210	-	CENAFE_15280	5.2	4.8		SO:0001217, UniParc:UPI0002080220, UniRef:UniRef100_A0A181C527, UniRef:UniRef50_W5YAD5, UniRef:UniRef90_W5YAD5
contig_1	3174477	3174716	-	CENAFE_15295	8.8	9.0		
contig_1	3175412	3176971	+	CENAFE_15305	58.1	8.9	PF13005.10|zf-IS66	PFAM:PF13005.10
contig_1	3176901	3177080	-	CENAFE_15310	6.3	11.7		SO:0001217, UniParc:UPI0007DD7452, UniRef:UniRef100_A0A181CBM7, UniRef:UniRef50_A0A181CBM7, UniRef:UniRef90_A0A181CBM7
contig_1	3177317	3177946	-	CENAFE_15315	23.0	5.9		RefSeq:WP_007400223.1, SO:0001217, UniParc:UPI000208021C, UniRef:UniRef100_A0A2D3HCN1, UniRef:UniRef50_A0A0D6QCD0, UniRef:UniRef90_A0A0D6QCD0
contig_1	3185853	3186245	+	CENAFE_15350	14.1	6.6		RefSeq:WP_034930812.1, SO:0001217, UniParc:UPI0002DB9B0D, UniRef:UniRef100_A0A2D3HCX3, UniRef:UniRef50_G2I506, UniRef:UniRef90_A0A2D3HCX3
contig_1	3203363	3204010	-	CENAFE_15450	23.4	5.8		RefSeq:WP_039999960.1, SO:0001217, UniParc:UPI0002E73385, UniRef:UniRef100_A0A2D3HCS5, UniRef:UniRef50_A0A070A8I6, UniRef:UniRef90_A0A070A8I6
contig_1	3206107	3206562	+	CENAFE_15465	17.0	10.3		RefSeq:WP_039999958.1, SO:0001217, UniParc:UPI00058761F5, UniRef:UniRef100_A0A2D3HCW1, UniRef:UniRef50_A0A511XJY0, UniRef:UniRef90_A0A070A8U0
contig_1	3240056	3240283	-	CENAFE_15610	8.3	10.0		RefSeq:WP_039999941.1, SO:0001217, UniParc:UPI0002FB2B07, UniRef:UniRef100_A0A2D3HCP6, UniRef:UniRef50_A0A2D3HCP6, UniRef:UniRef90_A0A2D3HCP6
contig_1	3252056	3252346	-	CENAFE_15675	10.0	6.0		
contig_1	3253178	3254737	+	CENAFE_15685	58.1	8.9	PF13005.10|zf-IS66	PFAM:PF13005.10
contig_1	3254761	3255615	-	CENAFE_15690	27.2	4.2	PF13332.9|Fil_haemagg_2	PFAM:PF13332.9
contig_1	3256857	3257642	+	CENAFE_15700	29.9	11.2		
contig_1	3257998	3258207	-	CENAFE_15705	7.9	9.5		SO:0001217, UniRef:UniRef50_A0A070ACE4, UniRef:UniRef90_A0A070A5J6
contig_1	3258347	3258685	+	CENAFE_15710	12.7	9.9		SO:0001217, UniRef:UniRef50_A0A0D6QAM2, UniRef:UniRef90_A0A070A502
contig_1	3262949	3264670	+	CENAFE_15735	63.2	7.0		RefSeq:WP_232276070.1, SO:0001217, UniParc:UPI0005918839, UniRef:UniRef100_A0A0N1FAH0, UniRef:UniRef50_A0A0N1FAH0, UniRef:UniRef90_A0A0N1FAH0
contig_1	3265936	3266115	-	CENAFE_15745	7.0	7.8		SO:0001217, UniParc:UPI0007DCC243, UniRef:UniRef100_A0A181C505, UniRef:UniRef50_A0A181C505, UniRef:UniRef90_A0A181C505
contig_1	3298358	3298714	-	CENAFE_15895	12.8	9.3		
contig_1	3303236	3303424	-	CENAFE_15920	7.0	4.3		RefSeq:WP_112209847.1, SO:0001217, UniParc:UPI0007DE355D, UniRef:UniRef100_A0A181C7D6, UniRef:UniRef50_A0A149U7E7, UniRef:UniRef90_A0A1B6VGC8
contig_1	3305046	3305327	-	CENAFE_15935	10.4	9.8		RefSeq:WP_112209841.1, SO:0001217, UniParc:UPI0007DD08D4, UniRef:UniRef100_A0A181C7B3, UniRef:UniRef50_A0A149U7I9, UniRef:UniRef90_A0A149U7I9
contig_1	3305358	3305624	+	CENAFE_15940	9.2	9.1		RefSeq:WP_228518519.1, SO:0001217, UniParc:UPI001E35996F, UniRef:UniRef100_UPI001E35996F, UniRef:UniRef50_A0A841QF52, UniRef:UniRef90_A0A841QF52
contig_1	3306110	3306358	+	CENAFE_15945	9.0	4.6		RefSeq:WP_010511782.1, SO:0001217, UniParc:UPI000173BA66, UniRef:UniRef100_A9HCY1, UniRef:UniRef50_A0A149U7Y4, UniRef:UniRef90_A0A149U7Y4
contig_1	3312082	3313221	-	CENAFE_15975	41.7	6.4		SO:0001217, UniParc:UPI00031DC71C, UniRef:UniRef100_A0A2D3HHZ7, UniRef:UniRef50_G6EKX0, UniRef:UniRef90_A0A2D3HHZ7
contig_1	3313819	3316386	-	CENAFE_15980	92.8	5.8	PF20012.2|GAP1-N1	PFAM:PF20012.2, SO:0001217, UniParc:UPI000315164B, UniRef:UniRef100_A0A2D3HCD5, UniRef:UniRef50_A0A2D3HCD5, UniRef:UniRef90_A0A2D3HCD5
contig_1	3319349	3320707	-	CENAFE_16000	50.9	5.0	PF00149.31|Metallophos, PF19976.2|GAAD	PFAM:PF00149.31, PFAM:PF19976.2, RefSeq:WP_039999906.1, SO:0001217, UniParc:UPI0002E4F2C4, UniRef:UniRef100_A0A2D3HHV6, UniRef:UniRef50_A0A090VMW1, UniRef:UniRef90_A0A2D3HHV6
contig_1	3324661	3324954	-	CENAFE_16025	11.1	8.3		SO:0001217, UniParc:UPI0007DF6D4D, UniRef:UniRef100_A0A181C635, UniRef:UniRef50_A0A181C635, UniRef:UniRef90_A0A181C635
contig_1	3325138	3325407	-	CENAFE_16030	10.6	11.7		SO:0001217, UniParc:UPI0007DF7294, UniRef:UniRef100_A0A181C619, UniRef:UniRef50_A0A181C619, UniRef:UniRef90_A0A181C619
contig_1	3329655	3329867	+	CENAFE_16050	7.8	10.5		SO:0001217, UniParc:UPI0007DDC5A4, UniRef:UniRef100_A0A181CCW7, UniRef:UniRef50_A0A370X2U1, UniRef:UniRef90_A0A181CCW7
contig_1	3330261	3331067	+	CENAFE_16055	30.5	8.9		SO:0001217, UniParc:UPI0007DD7E70, UniRef:UniRef100_A0A858JQK3, UniRef:UniRef50_A0A4R4FRP5, UniRef:UniRef90_A0A858JQK3
contig_1	3332396	3333229	+	CENAFE_16065	31.7	9.1		SO:0001217, UniParc:UPI0007DD31D5, UniRef:UniRef100_A0A858JGT3, UniRef:UniRef50_A0A858JGT3, UniRef:UniRef90_A0A858JGT3
contig_1	3335521	3335655	+	CENAFE_16080	5.4	9.5		SO:0001217, UniParc:UPI0007DF2D93, UniRef:UniRef100_A0A181C570, UniRef:UniRef50_A0A181C570, UniRef:UniRef90_A0A181C570
contig_1	3340082	3340315	+	CENAFE_16110	8.7	6.8		RefSeq:WP_172459674.1, SO:0001217, UniParc:UPI0007DE55E0, UniRef:UniRef100_A0A181C577, UniRef:UniRef50_A0A181C577, UniRef:UniRef90_A0A181C577
contig_1	3351032	3352165	+	CENAFE_16165	43.3	9.7		RefSeq:WP_007400087.1, SO:0001217, UniParc:UPI000207FD7C, UniRef:UniRef100_A0A2D3HCD7, UniRef:UniRef50_A0A318QJ33, UniRef:UniRef90_A0A070AAC4
contig_1	3355589	3356557	-	CENAFE_16185	35.8	10.9		RefSeq:WP_034932524.1, SO:0001217, UniParc:UPI0004D3D453, UniRef:UniRef100_A0A2D3HCB3, UniRef:UniRef50_C7JBJ5, UniRef:UniRef90_A0A2D3HCB3
contig_1	3380823	3381668	-	CENAFE_16320	28.9	5.3		SO:0001217, UniRef:UniRef50_A0A365Z032, UniRef:UniRef90_A0A2D3HCA0
contig_1	3391407	3391580	+	CENAFE_16370	6.4	11.3		RefSeq:WP_007400044.1, SO:0001217, UniParc:UPI000207FC1D, UniRef:UniRef100_A0A181C926, UniRef:UniRef50_A0A0D6PZ05, UniRef:UniRef90_A0A181C926
contig_1	3426253	3426858	+	CENAFE_16510	20.6	8.7		RefSeq:WP_172459706.1, SO:0001217, UniParc:UPI0007DE2018, UniRef:UniRef100_A0A181C941, UniRef:UniRef50_W5YAI1, UniRef:UniRef90_A0A070A9E7
contig_1	3437874	3438830	+	CENAFE_16560	36.1	8.3		RefSeq:WP_112210168.1, SO:0001217, UniParc:UPI0007DDB780, UniRef:UniRef100_A0A2D3HHV1, UniRef:UniRef50_W5Y7E7, UniRef:UniRef90_A0A2D3HHV1
contig_1	3442797	3442991	-	CENAFE_16585	7.1	11.7		SO:0001217, UniParc:UPI0004D34B67, UniRef:UniRef100_A0A2D3HCD2, UniRef:UniRef50_A0A2D3HCD2, UniRef:UniRef90_A0A2D3HCD2
contig_1	3455223	3455432	+	CENAFE_16640	7.9	10.9		
contig_1	3467038	3467952	-	CENAFE_16695	34.3	9.4		RefSeq:WP_225063225.1, SO:0001217, UniParc:UPI0007DE2C3B, UniRef:UniRef100_A0A2D3HI51, UniRef:UniRef50_W5Y684, UniRef:UniRef90_A0A2D3HI51
contig_1	3503484	3503639	-	CENAFE_16820	6.0	7.9		RefSeq:WP_244297038.1, SO:0001217, UniParc:UPI0007DCFE30, UniRef:UniRef100_A0A347W7S3, UniRef:UniRef50_A0A347W7S3, UniRef:UniRef90_A0A347W7S3
contig_1	3515292	3515504	+	CENAFE_16880	8.0	6.0		SO:0001217, UniParc:UPI0007DD18D0, UniRef:UniRef100_A0A181C8W0, UniRef:UniRef50_A0A181C8W0, UniRef:UniRef90_A0A181C8W0
contig_1	3516391	3517950	+	CENAFE_16890	58.1	8.9	PF13005.10|zf-IS66	PFAM:PF13005.10
contig_1	3536825	3536977	-	CENAFE_17010	5.9	6.3		RefSeq:WP_166498132.1, SO:0001217, UniParc:UPI0007DCC96E, UniRef:UniRef100_A0A181C8Q9, UniRef:UniRef50_D5QDL8, UniRef:UniRef90_A0A181C8Q9
contig_1	3537321	3537644	-	CENAFE_17015	11.9	6.3		RefSeq:WP_034930119.1, SO:0001217, UniParc:UPI0004DAA679, UniRef:UniRef100_A0A070AAN9, UniRef:UniRef90_A0A8B7LNP2
contig_1	3538545	3539018	-	CENAFE_17020	17.4	5.5		SO:0001217, UniRef:UniRef50_A0A070A3D4, UniRef:UniRef90_A0A070A3D4
contig_1	3541590	3542030	-	CENAFE_17035	16.2	4.8		RefSeq:WP_034932795.1, SO:0001217, UniParc:UPI0004D78D12, UniRef:UniRef100_A0A070A4H8, UniRef:UniRef50_A0A094YRW4, UniRef:UniRef90_D5QDS5
contig_1	3559056	3559463	-	CENAFE_17115	15.1	8.7		SO:0001217, UniParc:UPI0007DE0B3A, UniRef:UniRef100_A0A181CER1, UniRef:UniRef50_A0A070ACX7, UniRef:UniRef90_A0A070ACX7
contig_1	3560079	3560204	-	CENAFE_17120	4.8	9.2		SO:0001217, UniParc:UPI000410B339, UniRef:UniRef100_A0A181CEU3, UniRef:UniRef50_A0A0M0EBR7, UniRef:UniRef90_A0A0M0EBR7
contig_1	3560247	3560600	-	CENAFE_17125	13.4	10.2		SO:0001217, UniParc:UPI0004D40796, UniRef:UniRef100_A0A070A6S7, UniRef:UniRef50_A0A070A6S7, UniRef:UniRef90_A0A070A6S7
contig_1	3561044	3561841	-	CENAFE_17130	28.4	9.5		SO:0001217, UniParc:UPI0007DDDA2C, UniRef:UniRef100_A0A149RYQ7, UniRef:UniRef50_A0A149RYQ7, UniRef:UniRef90_A0A149RYQ7
contig_1	3564501	3564689	+	CENAFE_17140	7.3	11.8		RefSeq:WP_070325067.1, SO:0001217, UniParc:UPI0005922E85, UniRef:UniRef100_A0A0N1F9G2, UniRef:UniRef50_W5YBS7, UniRef:UniRef90_A0A023D5J7
contig_1	3570507	3571139	+	CENAFE_17170	22.3	10.3		RefSeq:WP_019086936.1, SO:0001217, UniParc:UPI000364424F, UniRef:UniRef100_A0A070A2T5, UniRef:UniRef50_A0A7W4JCP8, UniRef:UniRef90_D5QDU5
contig_11	2486	2602	-	CENAFE_17195	4.3	6.5		SO:0001217, UniParc:UPI0007DD984A, UniRef:UniRef100_A0A181CEI5, UniRef:UniRef50_W5YEZ2, UniRef:UniRef90_A0A0M0ECK9
contig_20	4832	5515	+	CENAFE_17220	24.8	7.9		RefSeq:WP_007396187.1, SO:0001217, UniParc:UPI000208001F, UniRef:UniRef100_A0A3T0KJX0, UniRef:UniRef50_A0A160TIM6, UniRef:UniRef90_A0A3T0KJX0
contig_20	10069	10491	+	CENAFE_17255	14.9	4.9		RefSeq:WP_039998253.1, SO:0001217, UniParc:UPI00031018EC, UniRef:UniRef100_A0A181CEL0, UniRef:UniRef50_W5YF16, UniRef:UniRef90_W5YF16
contig_20	10994	12139	+	CENAFE_17265	42.1	7.8		KEGG:K12218, RefSeq:WP_112210244.1, SO:0001217, UniParc:UPI0007DDEBDC, UniRef:UniRef100_A0A181CEU4, UniRef:UniRef50_G2I7X8, UniRef:UniRef90_G2I7X8
contig_20	12150	12755	+	CENAFE_17270	20.6	6.2		RefSeq:WP_112210243.1, SO:0001217, UniParc:UPI0007DCEB87, UniRef:UniRef100_A0A181CEM4, UniRef:UniRef50_G2I7X7, UniRef:UniRef90_G2I7X7
contig_20	16418	16648	-	CENAFE_17285	8.6	9.9		SO:0001217, UniParc:UPI0003EA4CEE, UniRef:UniRef100_A0A0D6Q543, UniRef:UniRef50_A0A347WGT8, UniRef:UniRef90_A0A0D6Q543
contig_20	16942	17262	-	CENAFE_17290	12.4	9.8		SO:0001217, UniParc:UPI0003EA3B6B, UniRef:UniRef100_W5YE85, UniRef:UniRef50_W5YE85, UniRef:UniRef90_W5YE85
contig_8	725	2095	+	CENAFE_17300	50.9	5.5		RefSeq:WP_007400719.1, SO:0001217, UniParc:UPI000207FC4A, UniRef:UniRef100_A0A181C7K4, UniRef:UniRef50_A0A1U9KRR9, UniRef:UniRef90_G2I8G3
contig_8	8000	8140	-	CENAFE_17350	5.1	5.4		SO:0001217, UniParc:UPI000207FC57, UniRef:UniRef100_A0A0N1F7K4, UniRef:UniRef50_A0A0N1F7K4, UniRef:UniRef90_A0A0N1F7K4
contig_8	11302	11511	-	CENAFE_17370	7.8	10.0		SO:0001217, UniParc:UPI0002080158, UniRef:UniRef100_A0A181C687, UniRef:UniRef50_A0A070A9V4, UniRef:UniRef90_A0A070A9V4
contig_8	15719	16441	-	CENAFE_17395	25.8	11.2		RefSeq:WP_235721341.1, SO:0001217, UniParc:UPI0007DD7D8C, UniRef:UniRef100_A0A181CF07, UniRef:UniRef90_A0A6P4J8P0
contig_8	45400	45579	+	CENAFE_17525	7.0	7.8		SO:0001217, UniParc:UPI0007DCC243, UniRef:UniRef100_A0A181C505, UniRef:UniRef50_A0A181C505, UniRef:UniRef90_A0A181C505
contig_24	1138	1404	+	CENAFE_17565	9.6	6.7		
contig_24	2553	3314	+	CENAFE_17575	27.7	8.4		
contig_24	3430	3747	+	CENAFE_17580	11.6	9.8		SO:0001217, UniRef:UniRef50_UPI000D7D0AD9, UniRef:UniRef90_UPI000D7D0AD9
contig_24	15212	15811	-	CENAFE_17640	22.4	11.2	PF01526.20|DDE_Tnp_Tn3	PFAM:PF01526.20
contig_24	19449	19607	-	CENAFE_17670	5.8	11.6		
contig_24	19676	19870	-	CENAFE_17675	6.8	9.6		
contig_24	20794	20910	+	CENAFE_17685	4.0	4.1		
contig_24	23444	23914	-	CENAFE_17695	15.5	4.2	PF13332.9|Fil_haemagg_2	PFAM:PF13332.9
contig_24	24131	25039	-	CENAFE_17700	31.0	10.1	PF13332.9|Fil_haemagg_2	PFAM:PF13332.9
contig_24	35218	35493	+	CENAFE_17730	9.8	5.5		RefSeq:WP_110570055.1, SO:0001217, UniParc:UPI0007DDACF1, UniRef:UniRef100_A0A318QDS1, UniRef:UniRef50_A0A0M0EDR7, UniRef:UniRef90_A0A318QDS1
contig_24	38274	38537	-	CENAFE_17765	9.5	10.2	PF05534.15|HicB	PFAM:PF05534.15, RefSeq:WP_041250516.1, SO:0001217, UniParc:UPI0003EA3F49, UniRef:UniRef100_W5YDX5, UniRef:UniRef50_A0A257QZS2, UniRef:UniRef90_W5YDX5
contig_24	43513	43908	-	CENAFE_17790	14.1	8.7		SO:0001217, UniParc:UPI0007DCFFC0, UniRef:UniRef100_A0A181C7F5, UniRef:UniRef50_A0A0N1FBG4, UniRef:UniRef90_A0A0N1FBG4
contig_24	43965	44306	-	CENAFE_17795	12.9	9.8	PF14384.9|BrnA_antitoxin	COG:COG3514, COG:S, PFAM:PF14384.9, RefSeq:WP_007396313.1, SO:0001217, UniParc:UPI0002080262, UniRef:UniRef100_A0A318PEZ2, UniRef:UniRef50_A0A371Z101, UniRef:UniRef90_W5YDA4
contig_24	44711	44881	-	CENAFE_17805	6.1	4.7		RefSeq:WP_167400424.1, SO:0001217, UniParc:UPI0007DD5316, UniRef:UniRef100_A0A850P6N6, UniRef:UniRef50_W5YE44, UniRef:UniRef90_W5YE44
contig_24	45009	45200	+	CENAFE_17810	6.8	4.9		SO:0001217, UniParc:UPI000368BF26, UniRef:UniRef100_W5YDY6, UniRef:UniRef50_A0A0N0MH69, UniRef:UniRef90_W5YDY6
contig_24	48730	48906	+	CENAFE_17830	6.2	4.5		RefSeq:WP_010511397.1, SO:0001217, UniParc:UPI000237F2C3, UniRef:UniRef100_A0A0N0MH69, UniRef:UniRef50_A0A0N0MH69, UniRef:UniRef90_A0A0N0MH69
contig_24	49514	49804	-	CENAFE_17840	10.9	9.0	PF12441.11|CopG_antitoxin	COG:COG5304, COG:K, PFAM:PF12441.11, RefSeq:WP_242448098.1, SO:0001217, UniParc:UPI0007DE321E, UniRef:UniRef100_A0A181C7E7, UniRef:UniRef50_V8QX54, UniRef:UniRef90_A0A0M0ECW1
contig_24	50461	50688	+	CENAFE_17845	8.8	6.6		SO:0001217, UniParc:UPI000586663A, UniRef:UniRef100_A0A181C7F7, UniRef:UniRef50_S6D8G9, UniRef:UniRef90_A0A070AAM3
contig_24	53459	53713	-	CENAFE_17855	9.7	10.5		SO:0001217, UniParc:UPI000494301D, UniRef:UniRef100_A0A181C7G1, UniRef:UniRef50_A0A181C7G1, UniRef:UniRef90_A0A181C7G1
contig_24	65777	67498	-	CENAFE_17910	63.2	7.0		RefSeq:WP_232276070.1, SO:0001217, UniParc:UPI0005918839, UniRef:UniRef100_A0A0N1FAH0, UniRef:UniRef50_A0A0N1FAH0, UniRef:UniRef90_A0A0N1FAH0
contig_24	76548	77171	-	CENAFE_17970	23.3	7.7		RefSeq:WP_146220231.1, SO:0001217, UniParc:UPI0003EA4B67, UniRef:UniRef100_W5YDE4, UniRef:UniRef50_W5YDE4, UniRef:UniRef90_W5YDE4
contig_24	89869	90144	+	CENAFE_18000	9.8	5.5		RefSeq:WP_110570055.1, SO:0001217, UniParc:UPI0007DDACF1, UniRef:UniRef100_A0A318QDS1, UniRef:UniRef50_A0A0M0EDR7, UniRef:UniRef90_A0A318QDS1
contig_24	92925	93188	-	CENAFE_18035	9.5	10.2	PF05534.15|HicB	PFAM:PF05534.15, RefSeq:WP_041250516.1, SO:0001217, UniParc:UPI0003EA3F49, UniRef:UniRef100_W5YDX5, UniRef:UniRef50_A0A257QZS2, UniRef:UniRef90_W5YDX5
contig_24	98246	98560	-	CENAFE_18060	11.3	8.4		
contig_24	98617	98958	-	CENAFE_18065	12.9	9.8	PF14384.9|BrnA_antitoxin	COG:COG3514, COG:S, PFAM:PF14384.9, SO:0001217, UniRef:UniRef50_A0A371Z101, UniRef:UniRef90_W5YDA4
contig_24	99363	99533	-	CENAFE_18075	6.1	4.7		RefSeq:WP_167400424.1, SO:0001217, UniParc:UPI0007DD5316, UniRef:UniRef100_A0A850P6N6, UniRef:UniRef50_W5YE44, UniRef:UniRef90_W5YE44
contig_24	99661	99852	+	CENAFE_18080	6.8	4.9		SO:0001217, UniParc:UPI000368BF26, UniRef:UniRef100_W5YDY6, UniRef:UniRef50_A0A0N0MH69, UniRef:UniRef90_W5YDY6
contig_24	103382	103558	+	CENAFE_18100	6.2	4.5		RefSeq:WP_010511397.1, SO:0001217, UniParc:UPI000237F2C3, UniRef:UniRef100_A0A0N0MH69, UniRef:UniRef50_A0A0N0MH69, UniRef:UniRef90_A0A0N0MH69
contig_24	104776	105003	+	CENAFE_18110	8.8	6.6		SO:0001217, UniParc:UPI000586663A, UniRef:UniRef100_A0A181C7F7, UniRef:UniRef50_S6D8G9, UniRef:UniRef90_A0A070AAM3
contig_24	107776	108027	-	CENAFE_18120	9.6	10.2		SO:0001217, UniRef:UniRef50_A0A181C7G1, UniRef:UniRef90_A0A181C7G1
contig_5	96	620	+	CENAFE_18130	19.2	10.9	PF13384.9|HTH_23	PFAM:PF13384.9
contig_5	679	810	+	CENAFE_18135	4.5	6.7		
contig_5	911	2470	+	CENAFE_18140	58.1	9.0	PF13005.10|zf-IS66	PFAM:PF13005.10
contig_23	1839	2426	+	CENAFE_18155	22.0	9.4		SO:0001217, UniRef:UniRef50_A0A181C5U0, UniRef:UniRef90_A0A181C5U0
contig_23	2968	3249	-	CENAFE_18170	9.8	9.7		RefSeq:WP_112209745.1, SO:0001217, UniParc:UPI0007E2796E, UniRef:UniRef100_A0A181C5V3, UniRef:UniRef50_A0A149UMN0, UniRef:UniRef90_A0A149UMN0
contig_23	3314	3766	+	CENAFE_18175	15.9	8.7		SO:0001217, UniRef:UniRef50_A0A149UQ57, UniRef:UniRef90_A0A181C5U9
contig_23	3860	4039	-	CENAFE_18180	6.0	10.2		RefSeq:WP_146750213.1, SO:0001217, UniParc:UPI0007E15DA0, UniRef:UniRef100_A0A181C5Y2, UniRef:UniRef50_A0A181C5Y2, UniRef:UniRef90_A0A181C5Y2
contig_23	5616	6059	-	CENAFE_18190	16.2	5.3		
contig_22	1840	2427	+	CENAFE_18235	22.0	9.2		RefSeq:WP_146750211.1, SO:0001217, UniParc:UPI0007DF64C4, UniRef:UniRef100_A0A181C5U0, UniRef:UniRef50_A0A181C5U0, UniRef:UniRef90_A0A181C5U0
contig_22	2969	3250	-	CENAFE_18250	9.8	9.7		RefSeq:WP_112209745.1, SO:0001217, UniParc:UPI0007E2796E, UniRef:UniRef100_A0A181C5V3, UniRef:UniRef50_A0A149UMN0, UniRef:UniRef90_A0A149UMN0
contig_22	3315	3767	+	CENAFE_18255	15.9	8.3		SO:0001217, UniParc:UPI0007E01457, UniRef:UniRef100_A0A181C5U9, UniRef:UniRef50_A0A149UQ57, UniRef:UniRef90_A0A181C5U9
contig_22	3861	4040	-	CENAFE_18260	6.0	10.2		RefSeq:WP_146750213.1, SO:0001217, UniParc:UPI0007E15DA0, UniRef:UniRef100_A0A181C5Y2, UniRef:UniRef50_A0A181C5Y2, UniRef:UniRef90_A0A181C5Y2
contig_22	5353	5553	+	CENAFE_18270	7.8	9.6		RefSeq:WP_146750214.1, SO:0001217, UniParc:UPI0007E0DD50, UniRef:UniRef100_A0A181C5V8, UniRef:UniRef50_A0A270B4Q1, UniRef:UniRef90_A0A181C5V8
contig_22	10214	10801	+	CENAFE_18305	22.0	9.2		RefSeq:WP_146750211.1, SO:0001217, UniParc:UPI0007DF64C4, UniRef:UniRef100_A0A181C5U0, UniRef:UniRef50_A0A181C5U0, UniRef:UniRef90_A0A181C5U0
contig_22	11343	11624	-	CENAFE_18320	9.8	9.7		RefSeq:WP_112209745.1, SO:0001217, UniParc:UPI0007E2796E, UniRef:UniRef100_A0A181C5V3, UniRef:UniRef50_A0A149UMN0, UniRef:UniRef90_A0A149UMN0
contig_22	11689	12141	+	CENAFE_18325	15.9	8.3		SO:0001217, UniParc:UPI0007E01457, UniRef:UniRef100_A0A181C5U9, UniRef:UniRef50_A0A149UQ57, UniRef:UniRef90_A0A181C5U9
contig_22	12235	12414	-	CENAFE_18330	6.0	10.2		RefSeq:WP_146750213.1, SO:0001217, UniParc:UPI0007E15DA0, UniRef:UniRef100_A0A181C5Y2, UniRef:UniRef50_A0A181C5Y2, UniRef:UniRef90_A0A181C5Y2
